player,game_id,made_threes,game_three_pct,per_game_3p_misses,per_game_3pa,three_score_v1,three_score_v2,three_score_v3,made_threes_rank,game_three_pct_rank,per_game_3p_misses_rank,per_game_3pa_rank,three_score_v1_rank,three_score_v2_rank,three_score_v3_rank
Joe Harris,22100098.57142857,2.9285714285714284,0.475417439703154,3.357142857142857,6.285714285714286,1.5983302411873839,2.2634508348794062,4.77576530612245,18,23,51,40,4,9,1
Lonzo Ball,22100278.171428572,3.142857142857143,0.42402288188002474,4.085714285714285,7.228571428571429,1.5989125953411667,2.370884869099155,4.399285714285714,7,40,28,21,3,5,2
Stephen Curry,22100526.296875,4.125,0.3972759879009879,6.203125,10.328125,1.8909908234126984,3.007995411706349,4.10796976461039,1,71,1,1,1,1,3
Luke Kennard,22100594.92753623,2.710144927536232,0.4662212988299945,3.2318840579710146,5.942028985507246,1.4431818583992495,2.0766633929677405,4.088474810213941,26,26,58,49,10,23,4
Klay Thompson,22100900.125,3.5625,0.3748243662995501,5.3125,8.875,1.6706648309819265,2.616582415490963,3.82296626984127,3,121,4,4,2,2,5
Kyrie Irving,22100910.724137932,3.2758620689655173,0.3885530178633627,4.482758620689655,7.758620689655173,1.5846693536348708,2.430265711300194,3.7985632183908047,5,88,16,8,5,4,6
Desmond Bane,22100590.434210528,2.973684210526316,0.43676236044657096,3.5526315789473686,6.526315789473684,1.545860864281917,2.259772537404116,3.788345864661654,14,34,47,31,6,10,7
Tyler Herro,22100592.272727273,2.5757575757575757,0.3839760828397192,3.3636363636363638,5.9393939393939394,1.3123320702866157,1.9440448230220957,3.55232683982684,34,96,50,50,24,29,8
Malik Beasley,22100603.102564104,3.076923076923077,0.3503470040517552,4.615384615384615,7.6923076923076925,1.413910263316372,2.2454166701197247,3.5504527879527883,8,187,12,10,12,11,9
Anfernee Simons,22100483.03508772,3.0701754385964914,0.3789699736681161,3.9473684210526314,7.017543859649122,1.5217866885436544,2.295981063570073,3.4835769980506823,9,111,33,23,8,7,10
Devin Cannady,22101184.8,3.0,0.43066378066378064,4.4,7.4,1.386940836940837,2.1934704184704183,3.3871428571428566,13,36,20,15,16,14,11
Norman Powell,22100416.558139537,2.4186046511627906,0.4421046008255311,2.9767441860465116,5.395348837209302,1.2700837276418673,1.844344189402329,3.3754152823920265,45,32,70,60,31,38,12
Patty Mills,22100609.308641974,2.802469135802469,0.39565465398798727,3.7160493827160495,6.518518518518518,1.4527727759209241,2.1276209558616967,3.2832500489907894,23,76,41,32,9,18,13
Bojan Bogdanovic,22100552.028985508,2.6231884057971016,0.36563971455275807,3.8840579710144927,6.507246376811594,1.2457895968765533,1.9344890013368272,3.249102829537612,33,141,38,34,34,32,14
Max Strus,22100646.46153846,2.646153846153846,0.3764603696956638,3.3076923076923075,5.953846153846154,1.3141007032183503,1.980127274686098,3.2480036630036633,32,117,52,48,23,27,15
Terry Rozier,22100655.80821918,3.0,0.35586494935810004,4.7534246575342465,7.7534246575342465,1.3818008095405354,2.1909004047702676,3.2350945857795175,12,171,10,9,17,15,16
Jayson Tatum,22100592.88,3.026666666666667,0.334001369001369,4.973333333333334,8.0,1.3876361046361045,2.2071513856513856,3.217795685795686,10,225,6,6,15,12,17
Doug McDermott,22100544.326530613,2.204081632653061,0.38018817916777103,2.5510204081632653,4.755102040816326,1.166710840180228,1.6853962364166446,3.2142857142857144,62,107,114,81,41,57,18
Isaiah Livers,22101024.333333332,1.5,0.36732804232804234,1.4444444444444444,2.9444444444444446,0.9554232804232805,1.2277116402116404,3.211111111111111,144,135,226,191,88,125,19
Evan Fournier,22100618.3125,3.0125,0.3661775377400377,4.4,7.4125,1.3993703171828171,2.2059351585914087,3.1950545634920635,11,140,21,14,14,13,20
Coby White,22100739.333333332,2.2666666666666666,0.36287397787397785,2.75,5.016666666666667,1.1944925444925445,1.7305796055796057,3.1733333333333333,57,149,95,69,37,51,21
Kevin Huerter,22100630.602739725,2.1780821917808217,0.36544703394018463,2.6301369863013697,4.808219178082192,1.1533021012473066,1.6656921465140644,3.157664709719504,66,142,108,78,43,60,22
Fred VanVleet,22100565.676923078,3.5846153846153848,0.3913720040643118,5.6461538461538465,9.23076923076923,1.5400875193182886,2.5623514519668364,3.1495410145410148,2,84,2,2,7,3,23
Paul George,22100367.322580647,2.903225806451613,0.34839291532839917,4.548387096774194,7.451612903225806,1.345139179816599,2.124182493134106,3.086876832844575,20,193,14,13,21,19,24
Justin Holiday,22100613.43243243,2.391891891891892,0.377981177981178,3.7432432432432434,6.135135135135135,1.162970887970888,1.77743138993139,3.080475117975118,49,114,40,42,42,42,25
Gary Trent Jr.,22100605.314285714,2.9571428571428573,0.36861927754784896,4.4,7.357142857142857,1.3505937316651604,2.1538682944040084,3.07078231292517,16,132,19,18,20,16,26
Donovan Mitchell,22100601.776119404,3.3134328358208953,0.3527248553806938,5.626865671641791,8.940298507462687,1.406209386652758,2.3598211112368266,3.0706790721716097,4,179,3,3,13,6,27
Pat Connaughton,22100528.93846154,2.1846153846153844,0.38186155724617266,2.8461538461538463,5.030769230769231,1.1194933271856349,1.6520543559005099,3.034047619047619,64,101,82,68,52,61,28
Carmelo Anthony,22100558.608695652,2.1449275362318843,0.35600414078674947,2.9565217391304346,5.101449275362318,1.1103749712445363,1.6276512537382102,3.0157004830917877,69,170,72,67,54,62,29
Tyrese Maxey,22100644.830985915,1.8028169014084507,0.398008759628478,1.8591549295774648,3.6619718309859155,1.008075218990712,1.4054460601995813,3.0133802816901407,102,69,172,142,73,95,30
Buddy Hield,22100605.3375,3.15,0.3571493783993784,5.225,8.375,1.4174365911865912,2.2837182955932955,3.0004323107448108,6,165,5,5,11,8,31
Christian Wood,22100552.04411765,1.8970588235294117,0.3604108309990663,2.4411764705882355,4.338235294117647,0.9676003734827264,1.4323295985060691,2.996078431372549,91,155,127,114,86,87,32
Kyle Lowry,22100575.5,2.2580645161290325,0.39029013101593746,3.161290322580645,5.419354838709677,1.1300551151357603,1.6940598156323963,2.9602022529441885,58,85,62,58,48,55,33
Tyrese Haliburton,22100608.546666667,2.04,0.4027801827801828,2.3733333333333335,4.413333333333333,1.1369167869167869,1.5884583934583936,2.955428571428571,75,58,130,107,46,69,34
Cameron Johnson,22100548.575757574,2.5,0.4186764834492107,3.121212121212121,5.621212121212121,1.300208251344615,1.9001041256723075,2.9488876863876863,39,41,63,54,26,35,35
LaMelo Ball,22100627.013513513,2.72972972972973,0.3818280068280068,3.689189189189189,6.418918918918919,1.3581768831768832,2.0439533064533064,2.9473294723294723,25,102,42,37,19,24,36
Trae Young,22100610.513157893,2.473684210526316,0.38082129858445646,3.1842105263157894,5.657894736842105,1.226562180509549,1.8501231955179323,2.9102443609022557,41,106,60,53,35,37,37
Marcus Morris Sr.,22100717.444444444,1.8518518518518519,0.33021017048794826,2.3703703703703702,4.222222222222222,0.9720972957084068,1.4119745737801292,2.9081790123456788,99,240,131,119,85,94,38
Duncan Robinson,22100613.329113923,2.9367088607594938,0.3595752782833944,4.379746835443038,7.3164556962025316,1.3592276983378995,2.1479682795486963,2.8572583885875025,17,159,23,20,18,17,39
Ricky Rubio,22100245.32352941,1.7352941176470589,0.3425653594771242,2.764705882352941,4.5,0.8142273576097105,1.2747607376283847,2.85203081232493,111,204,93,99,130,114,40
Saddiq Bey,22100627.456790123,2.54320987654321,0.3262363493844975,4.407407407407407,6.950617283950617,1.135573514277218,1.839391695410214,2.8138594944150497,35,248,18,25,47,39,41
Jordan Poole,22100628.592105262,2.6842105263157894,0.36670288775551935,3.9210526315789473,6.605263157894737,1.2633016836964206,1.973756105006105,2.7974676274018377,29,137,36,29,32,28,42
Victor Oladipo,22101072.5,1.875,0.31666666666666665,1.75,3.625,1.0666666666666667,1.4708333333333332,2.78125,96,273,186,144,61,83,43
Andrew Wiggins,22100604.534246575,2.1506849315068495,0.37349967384213956,2.863013698630137,5.013698630136986,1.0599315068493151,1.605308219178082,2.778538812785388,68,125,78,71,63,68,44
Eric Gordon,22100521.280701753,2.0526315789473686,0.39673489278752433,2.5789473684210527,4.631578947368421,1.0830896686159843,1.5678606237816763,2.7743525480367586,73,72,112,88,56,73,45
Anthony Edwards,22100614.416666668,2.9583333333333335,0.33306909140242474,4.833333333333333,7.791666666666667,1.2816862921029586,2.120009812718146,2.757016093474427,15,236,9,7,28,20,46
Bobby Portis,22100645.222222224,1.8333333333333333,0.3603615520282187,2.3472222222222223,4.180555555555555,0.9933752204585536,1.4133542768959435,2.7546296296296298,101,156,134,124,81,93,47
Damian Lillard,22100251.344827585,2.8275862068965516,0.3505784445439618,4.551724137931035,7.379310344827586,1.2597340399064536,2.043660123401503,2.713177339901478,22,186,13,17,33,25,48
Bogdan Bogdanovic,22100641.42857143,2.6825396825396823,0.3791772601296411,4.285714285714286,6.968253968253968,1.197751895370943,1.9401457889553126,2.706960191484001,30,109,25,24,36,31,49
Jrue Holiday,22100631.045454547,1.9696969696969697,0.41198893698893696,2.6363636363636362,4.606060606060606,1.0016354016354014,1.4856661856661857,2.693440902531812,83,50,107,91,75,80,50
Seth Curry,22100557.015625,2.4375,0.426008409992785,2.9375,5.375,1.275151627886003,1.8563258139430014,2.6931547619047618,42,38,73,61,30,36,51
CJ McCollum,22100643.870967742,2.903225806451613,0.3694665549504259,4.435483870967742,7.338709677419355,1.304907368617046,2.1040665875343296,2.6703405017921145,21,130,17,19,25,21,52
Dorian Finney-Smith,22100622.987341773,2.151898734177215,0.3897679324894515,2.8607594936708862,5.012658227848101,1.0792623340091694,1.6155805340931924,2.6513863773357444,67,86,79,72,58,65,53
RJ Barrett,22100609.57352941,2.014705882352941,0.3350150666327137,3.4558823529411766,5.470588235294118,0.9284483490365844,1.4715771156947626,2.6310807656395894,79,222,49,56,99,82,54
Luka Doncic,22100667.984375,2.90625,0.3403368766650017,4.65625,7.5625,1.2809715891747142,2.093610794587357,2.5995721726190477,19,209,11,11,29,22,55
Darius Garland,22100603.303030305,2.1818181818181817,0.38737373737373737,3.303030303030303,5.484848484848484,1.055928330928331,1.6188732563732564,2.597005772005772,65,90,53,55,64,64,56
Jaylen Brown,22100669.246153846,2.5076923076923077,0.36102359179282256,3.9076923076923076,6.415384615384616,1.1522690130382436,1.8299806603652757,2.5676617826617827,38,153,37,38,44,41,57
Zach LaVine,22100575.045454547,2.757575757575758,0.3829412590776227,3.9696969696969697,6.7272727272727275,1.2917711497256952,2.0246734536507267,2.56010101010101,24,98,30,28,27,26,58
Kevin Love,22100653.662162162,2.4054054054054053,0.3646922896922897,3.2837837837837838,5.6891891891891895,1.1473440973440974,1.7763747513747514,2.531177606177606,47,144,54,52,45,43,59
LeBron James,22100612.589285713,2.6964285714285716,0.3543340092447235,4.392857142857143,7.089285714285714,1.186361901986902,1.9413952367077365,2.511425479282622,27,174,22,22,38,30,60
Kemba Walker,22100410.527777776,2.0277777777777777,0.30508056758056756,2.6944444444444446,4.722222222222222,0.9790624498957832,1.5034201138367806,2.4959656084656086,77,304,102,83,84,76,61
Mike Conley,22100619.25,2.3333333333333335,0.3964145422478756,3.0277777777777777,5.361111111111111,1.1762856742023409,1.754809503767837,2.469047619047619,55,73,67,62,40,48,62
Keldon Johnson,22100625.027777776,2.2083333333333335,0.39982914462081126,2.986111111111111,5.194444444444445,1.127606922398589,1.667970127865961,2.4300595238095237,61,66,69,64,50,59,63
Nicolas Batum,22100658.9122807,1.894736842105263,0.35911306042884994,2.1403508771929824,4.035087719298246,1.0001740462266777,1.4474554441659704,2.4032163742690056,92,161,147,128,77,86,64
Devin Booker,22100611.0,2.6470588235294117,0.3742373639432463,3.9558823529411766,6.602941176470588,1.1804624297271356,1.9137606266282736,2.3823354341736693,31,122,31,30,39,33,65
Ben McLemore,22100743.112903226,2.403225806451613,0.3503381554140568,3.564516129032258,5.967741935483871,1.1186911391370595,1.7609584727943361,2.3711341525857654,48,188,46,47,53,44,66
Jalen Green,22100672.791044775,2.343283582089552,0.3084114061726002,3.656716417910448,6.0,1.0477525790958626,1.6955180805927075,2.3595771144278608,54,297,43,46,66,54,67
Karl-Anthony Towns,22100619.342465755,2.0,0.406909110676234,2.5342465753424657,4.534246575342466,1.0015709936942814,1.5007854968471408,2.353913894324853,80,54,116,95,76,77,68
Will Barton,22100617.563380282,2.1971830985915495,0.35828131180243855,3.267605633802817,5.464788732394366,1.0267906584807993,1.6119868785361744,2.3486159380525575,63,162,55,57,70,66,69
Bryn Forbes,22100588.166666668,1.6805555555555556,0.37374037999038,1.875,3.5555555555555554,0.9246903559403559,1.3026229557479558,2.339814814814815,119,124,171,148,100,109,70
Harrison Barnes,22100617.0,1.868421052631579,0.3775936052251842,2.513157894736842,4.381578947368421,0.9196210222526012,1.39402103744209,2.3351190476190475,97,115,118,111,104,99,71
Kevin Durant,22100561.703703705,2.111111111111111,0.4002987752987753,3.074074074074074,5.185185185185185,1.0326672298894521,1.5718891705002815,2.3256687242798355,70,62,65,65,68,72,72
Alec Burks,22100618.443037976,1.9873417721518987,0.40688358757979004,2.6202531645569622,4.6075949367088604,1.0036193412775691,1.4954805567147338,2.318736186457705,81,55,110,90,74,78,73
Devin Vassell,22100623.929577466,1.9295774647887325,0.33739101274312544,2.788732394366197,4.71830985915493,0.93277442432372,1.4311759445562262,2.312977867203219,86,217,90,85,98,88,74
Robert Covington,22100594.0,1.855072463768116,0.3632102599493904,2.5072463768115942,4.36231884057971,0.9195479641131815,1.3873102139406488,2.2901311249137337,98,148,120,113,105,100,75
Ja Morant,22100557.19642857,1.5,0.319812925170068,1.8214285714285714,3.3214285714285716,0.8371598639455782,1.1685799319727892,2.2854591836734692,142,264,179,164,120,134,76
Kevin Porter Jr.,22100659.786885247,2.540983606557377,0.3649102263856362,3.9344262295081966,6.475409836065574,1.1247368296548625,1.8328602181061198,2.281889149102264,36,143,35,36,51,40,77
D'Angelo Russell,22100622.03076923,2.6923076923076925,0.33584620507697427,4.846153846153846,7.538461538461538,1.1286414440260595,1.9104745681668758,2.2785170385170384,28,219,8,12,49,34,78
Mo Bamba,22100617.514285713,1.5285714285714285,0.3673299319727891,1.8571428571428572,3.3857142857142857,0.8442006802721088,1.1863860544217686,2.272687074829932,138,134,173,157,118,131,79
Khris Middleton,22100638.515151516,2.4242424242424243,0.3609307359307359,3.9393939393939394,6.363636363636363,1.0650979491888581,1.7446701867156413,2.2722823472823475,43,154,34,39,62,49,80
Grayson Allen,22100555.676923078,2.4153846153846152,0.40987068487068484,3.476923076923077,5.892307692307693,1.0955538905538906,1.755469252969253,2.263040293040293,46,52,48,51,55,47,81
Georges Niang,22100610.613333333,2.026666666666667,0.4076243386243386,2.6933333333333334,4.72,1.0231375661375661,1.5249021164021166,2.256253968253968,78,53,103,84,71,75,82
Kelly Oubre Jr.,22100599.10526316,2.4210526315789473,0.3021516130068762,4.092105263157895,6.5131578947368425,1.0530790481448375,1.7370658398618926,2.2497598162071846,44,310,27,33,65,50,83
Reggie Bullock,22100609.911764707,2.073529411764706,0.3190871628371628,2.911764705882353,4.985294117647059,0.9822790363231538,1.52790422404393,2.2104516806722687,71,267,75,74,83,74,84
Jerami Grant,22100553.95744681,1.9148936170212767,0.3513255656872678,2.8085106382978724,4.723404255319149,0.9330040526849037,1.4239488348530902,2.2088652482269504,88,182,86,82,97,91,85
Malik Monk,22100632.586666666,2.2133333333333334,0.3452934842934843,3.1866666666666665,5.4,1.0345329855329854,1.6239331594331594,2.179873015873016,60,203,59,59,67,63,86
Josh Richardson,22100642.258064516,1.596774193548387,0.39763824884792626,1.7741935483870968,3.370967741935484,0.8860407066052227,1.2414074500768049,2.167511520737327,129,70,183,160,110,121,87
Gordon Hayward,22100372.836734693,1.7346938775510203,0.3958454810495627,2.326530612244898,4.061224489795919,0.9032798833819242,1.3189868804664724,2.1440719144800777,112,74,135,126,107,107,88
Tim Hardaway Jr.,22100357.14285714,2.380952380952381,0.32753404003404,4.095238095238095,6.476190476190476,0.998319867962725,1.6896361244575528,2.1170445956160244,50,242,26,35,80,56,89
Kyle Kuzma,22100521.78787879,1.9090909090909092,0.3149175740084831,2.8484848484848486,4.757575757575758,0.8992336787791333,1.4041622939350211,2.103282828282828,89,278,81,80,108,96,90
Kentavious Caldwell-Pope,22100608.61038961,2.064935064935065,0.35957300275482096,2.5454545454545454,4.6103896103896105,1.079005734525215,1.57197039973014,2.101422387136673,72,160,115,89,59,71,91
Danny Green,22100660.98360656,1.6721311475409837,0.37964480874316936,2.19672131147541,3.8688524590163933,0.8517369242779079,1.2619340359094458,2.091256830601093,121,108,142,132,116,118,92
Gabe Vincent,22100615.741935484,1.903225806451613,0.32669669040636784,2.306451612903226,4.209677419354839,0.9457931853093143,1.4245094958804636,2.0860983102918587,90,246,138,121,92,90,93
Derrick Rose,22100210.346153848,1.4230769230769231,0.33557692307692305,1.5,2.923076923076923,0.8028846153846154,1.1129807692307692,2.073717948717949,155,221,215,195,135,147,94
Joe Ingles,22100365.0,1.7333333333333334,0.3322310405643739,2.7777777777777777,4.511111111111111,0.8325485008818343,1.2829409171075838,2.070952380952381,113,237,92,97,122,113,95
De'Anthony Melton,22100629.465753425,1.8767123287671232,0.3357686453576864,2.506849315068493,4.383561643835616,0.9232659273755164,1.39998912807132,2.0707762557077625,95,220,121,110,102,98,96
Reggie Jackson,22100595.413333334,2.2133333333333334,0.32579362249950483,3.7866666666666666,6.0,0.9439762895057013,1.5786548114195171,2.0613905723905726,59,249,39,45,93,70,97
Bones Hyland,22100664.803030305,1.8333333333333333,0.3265993265993266,2.696969696969697,4.53030303030303,0.8976911976911977,1.3655122655122656,2.0513708513708515,100,247,101,96,109,102,98
Devonte' Graham,22100614.013157893,2.486842105263158,0.3221277625882889,4.342105263157895,6.828947368421052,1.0290854978354977,1.757963801549328,2.0506787802840436,40,261,24,27,69,45,99
Cedi Osman,22100616.25,1.96875,0.33155381944444445,2.796875,4.765625,0.9421812996031746,1.4554656498015872,2.0122767857142856,84,239,88,79,94,85,100
Lindy Waters III,22101044.772727273,2.3636363636363638,0.3694069819069819,3.6363636363636362,6.0,1.0817723942723942,1.722704378954379,1.9998917748917748,53,131,45,44,57,53,101
Isaiah Roby,22100784.314285714,1.2571428571428571,0.46761904761904766,1.0285714285714285,2.2857142857142856,0.8257142857142856,1.0414285714285716,1.988095238095238,187,24,292,252,123,166,102
Monte Morris,22100600.472972974,1.662162162162162,0.3845023595023595,1.945945945945946,3.608108108108108,0.9365401115401115,1.299351136851137,1.9758043758043757,124,95,165,146,96,111,103
Lauri Markkanen,22100628.295081966,2.0491803278688523,0.32475102311167886,3.262295081967213,5.311475409836065,0.9182870863198732,1.4837337070943628,1.974726775956284,74,254,56,63,106,81,104
Wayne Ellington,22100530.860465117,1.8837209302325582,0.41851236618678483,2.813953488372093,4.6976744186046515,0.9523071244001476,1.4180140273163528,1.9694905869324475,93,42,85,86,90,92,105
Grant Williams,22100612.065789472,1.394736842105263,0.37229010025062653,1.381578947368421,2.776315789473684,0.8112938596491228,1.103015350877193,1.964035087719298,163,126,237,206,132,150,106
OG Anunoby,22100553.979166668,2.375,0.34610106328856327,3.6458333333333335,6.020833333333333,1.0733510124135124,1.724175506206756,1.9635251322751321,52,202,44,43,60,52,107
Jordan Clarkson,22100622.417721517,2.3797468354430378,0.3184737203724546,4.506329113924051,6.886075949367089,0.9654981446120686,1.6726224900275533,1.9371157323688972,51,269,15,26,87,58,108
P.J. Washington,22100684.59375,1.71875,0.3663092983405483,2.203125,3.921875,0.8844708243145744,1.3016104121572871,1.924404761904762,114,139,141,130,111,110,109
Tobias Harris,22100668.23529412,1.4852941176470589,0.36030578898225957,1.7352941176470589,3.2205882352941178,0.8161297852474323,1.1507119514472455,1.9200980392156861,145,157,190,169,126,140,110
Royce O'Neale,22100627.47368421,1.5394736842105263,0.41597744360902256,1.9736842105263157,3.513157894736842,0.8154448621553885,1.1774592731829574,1.9116228070175438,135,47,162,150,129,133,111
James Harden,22100593.723076925,2.276923076923077,0.32224220224220224,3.953846153846154,6.230769230769231,0.9461827061827062,1.6115528915528916,1.9007142857142858,56,260,32,41,91,67,112
Chuma Okeke,22100647.614285715,1.6857142857142857,0.297060915275201,2.757142857142857,4.442857142857143,0.7635080395794682,1.224611162646877,1.8919614512471656,118,330,94,103,148,126,113
Chaundee Brown Jr.,22100497.5,1.5,0.275,1.25,2.75,0.825,1.1625,1.875,139,375,253,210,124,136,114
Garrison Mathews,22100731.846153848,2.0307692307692307,0.3545892995892996,2.876923076923077,4.907692307692308,0.9417465867465866,1.4862579087579089,1.8637545787545786,76,173,77,77,95,79,115
Spencer Dinwiddie,22100630.984848484,1.6515151515151516,0.30966810966810965,2.621212121212121,4.2727272727272725,0.7648027898027898,1.2081589706589706,1.83989898989899,125,290,109,117,146,127,116
Miles Bridges,22100606.425,1.925,0.3247767857142857,3.25,5.175,0.8756001984126984,1.4003000992063492,1.8238690476190478,87,253,57,66,112,97,117
Jae Crowder,22100593.56716418,1.8805970149253732,0.35076672912493806,3.1044776119402986,4.985074626865671,0.8422368676100019,1.3614169412676875,1.8114664771381188,94,185,64,75,119,103,118
Gary Harris,22100550.616666667,1.9333333333333333,0.3542430254930255,2.65,4.583333333333333,0.9203854016354016,1.4268593674843675,1.8108333333333335,85,176,106,92,103,89,119
Immanuel Quickley,22100628.80263158,1.7763157894736843,0.34970238095238093,2.723684210526316,4.5,0.8635912698412698,1.319953529657477,1.8074874686716793,104,192,99,98,115,106,120
Cole Anthony,22100606.890625,1.984375,0.33204703282828285,3.03125,5.015625,0.9538431186868687,1.4691090593434344,1.7928075396825396,82,238,66,70,89,84,121
Luguentz Dort,22100434.19607843,2.5294117647058822,0.3274828113063407,4.862745098039215,7.392156862745098,0.9836169821463939,1.7565143734261381,1.789386865857454,37,243,7,16,82,46,122
Olivier Sarr,22101023.4,0.8666666666666667,0.3944444444444445,0.4666666666666667,1.3333333333333333,0.6833333333333333,0.775,1.7888888888888888,305,78,413,378,183,249,123
Duane Washington Jr.,22100832.782608695,1.7391304347826086,0.3461870255348516,2.4130434782608696,4.1521739130434785,0.83567977915804,1.2874051069703243,1.7782608695652173,110,201,129,125,121,112,124
Davis Bertans,22100648.849056605,1.3584905660377358,0.2894279724468404,1.849056603773585,3.207547169811321,0.6969152440850555,1.0277029050613957,1.7471024258760108,170,348,174,171,176,175,125
Jeremiah Robinson-Earl,22100459.85106383,1.2340425531914894,0.3037993920972644,1.2127659574468086,2.4468085106382977,0.6731003039513678,0.9535714285714286,1.7446808510638299,195,307,262,238,188,195,126
D.J. Augustin,22100608.12727273,1.2363636363636363,0.36264069264069265,1.2181818181818183,2.4545454545454546,0.7614285714285713,0.998896103896104,1.740909090909091,193,151,261,237,150,181,127
Jaren Jackson Jr.,22100589.730769232,1.6025641025641026,0.3132955007955008,2.717948717948718,4.32051282051282,0.7056799681799681,1.1541220353720354,1.7407203907203905,128,284,100,115,170,139,128
Otto Porter Jr.,22100573.112903226,1.2903225806451613,0.3090373783922171,1.5,2.7903225806451615,0.6653865847414234,0.9778545826932924,1.7201612903225807,182,292,217,204,192,187,129
Danilo Gallinari,22100604.676923078,1.676923076923077,0.38666666666666666,2.523076923076923,4.2,0.7940781440781441,1.2355006105006106,1.716996336996337,120,91,117,123,138,123,130
Jabari Parker,22100301.714285713,1.1428571428571428,0.5357142857142857,0.5714285714285714,1.7142857142857142,0.8214285714285714,0.9821428571428571,1.7142857142857142,213,8,386,321,125,185,131
Rodney McGruder,22100784.166666668,1.380952380952381,0.31425736961451245,1.4523809523809523,2.8333333333333335,0.7655045351473924,1.0732284580498868,1.713718820861678,166,281,225,199,145,156,132
Terence Davis,22100360.55172414,1.6896551724137931,0.2795220105564933,2.7241379310344827,4.413793103448276,0.773285909492806,1.2314705409532996,1.7073481116584563,117,368,98,106,143,124,133
Amir Coffey,22100706.280701753,1.6666666666666667,0.34773993063466746,2.192982456140351,3.8596491228070176,0.811935773777879,1.2393012202222728,1.6827903091060985,123,194,144,133,131,122,134
Cade Cunningham,22100635.873015873,1.746031746031746,0.2742063492063492,2.746031746031746,4.492063492063492,0.7838595707643327,1.2649456583980392,1.6757369614512472,109,377,96,100,140,116,135
Corey Kispert,22100654.732394367,1.5774647887323943,0.3163079487023149,2.3098591549295775,3.887323943661972,0.7523179480925959,1.164891368412495,1.6725687458081824,131,275,137,131,153,135,136
Brandon Ingram,22100558.472727273,1.309090909090909,0.31452380952380954,2.036363636363636,3.3454545454545452,0.6239177489177489,0.966504329004329,1.656103896103896,180,280,154,162,216,190,137
Caris LeVert,22100616.910714287,1.3928571428571428,0.3017431972789116,2.3214285714285716,3.7142857142857144,0.638562925170068,1.0157100340136054,1.6548469387755103,164,311,136,138,212,178,138
Quentin Grimes,22100650.564102564,1.794871794871795,0.3466821639898563,2.4615384615384617,4.256410256410256,0.8482037193575656,1.3215377571146802,1.652971102971103,103,200,126,118,117,105,139
Davon Reed,22100775.32352941,1.088235294117647,0.3523809523809524,0.6176470588235294,1.7058823529411764,0.7511204481792717,0.9196778711484593,1.6470588235294117,225,180,378,324,154,207,140
Jaylen Hoard,22101190.5,1.5,0.2847222222222222,2.5,4.0,0.7013888888888888,1.1006944444444444,1.6444444444444446,140,359,124,129,174,151,141
Frank Jackson,22100525.188679244,1.6226415094339623,0.28042884788167804,2.792452830188679,4.415094339622642,0.6964320270924044,1.1595367682631834,1.64177897574124,127,366,89,104,177,137,142
Mikal Bridges,22100643.794871796,1.4743589743589745,0.3499185999185999,1.9102564102564104,3.3846153846153846,0.7622303622303622,1.1182946682946684,1.638034188034188,148,191,169,158,149,144,143
Brook Lopez,22101034.615384616,1.4615384615384615,0.3277777777777778,1.9230769230769231,3.3846153846153846,0.6918803418803419,1.0767094017094017,1.6307692307692307,150,241,167,159,180,155,144
Mike Muscala,22100412.0,1.75,0.46075757575757575,2.0,3.75,1.010887445887446,1.3804437229437228,1.6217261904761906,108,28,158,137,72,101,145
Joel Embiid,22100678.686567165,1.3432835820895523,0.36709310589907607,1.7014925373134329,3.044776119402985,0.7337953091684435,1.0385394456289978,1.6064676616915423,175,136,194,182,159,168,146
Chris Duarte,22100464.0,1.709090909090909,0.38519677292404564,2.5090909090909093,4.218181818181818,0.8155037386855568,1.2622973238882331,1.6062554112554113,115,94,119,120,127,117,147
Patrick Beverley,22100628.125,1.4821428571428572,0.33349631519274375,2.1607142857142856,3.642857142857143,0.7378047052154194,1.1099737811791384,1.6034438775510205,147,226,145,143,158,148,148
Donte DiVincenzo,22100887.523809522,1.7619047619047619,0.3332955404383976,2.7857142857142856,4.5476190476190474,0.7758881330309902,1.2688964474678759,1.5874149659863948,106,235,91,94,142,115,149
Gary Clark,22100776.884615384,1.0769230769230769,0.3935897435897436,0.8461538461538461,1.9230769230769231,0.717948717948718,0.8974358974358974,1.5865384615384615,227,79,331,297,164,215,150
Franz Wagner,22100570.46153846,1.2307692307692308,0.35016280016280016,1.4743589743589745,2.7051282051282053,0.7044159544159544,0.9675925925925927,1.575,197,190,221,212,172,189,151
Didi Louzada,22101054.125,1.125,0.4625,1.375,2.5,0.65,0.8875,1.5729166666666667,217,27,239,233,204,217,152
James Bouknight,22100545.8,1.1333333333333333,0.29888888888888887,1.4666666666666666,2.6,0.5977777777777777,0.8655555555555556,1.5666666666666667,215,324,223,221,231,221,153
Marcus Smart,22100607.014285713,1.6714285714285715,0.30920111634397346,2.742857142857143,4.414285714285715,0.7402293738008023,1.205828972614687,1.5610544217687075,122,291,97,105,156,128,154
Cam Reddish,22100436.0,1.4130434782608696,0.2964783405000796,1.826086956521739,3.239130434782609,0.7149685459468068,1.0640060121038382,1.560351966873706,158,332,178,168,165,158,155
Dean Wade,22100544.731707316,1.2439024390243902,0.3147502903600465,1.5121951219512195,2.7560975609756095,0.6565621370499419,0.9502322880371661,1.553658536585366,191,279,213,209,198,197,156
Dennis Schroder,22100543.936507937,1.3650793650793651,0.28005165028974555,1.9206349206349207,3.2857142857142856,0.6545036533131772,1.009791509196271,1.551058201058201,169,367,168,166,200,179,157
Josh Hart,22100549.019607842,1.411764705882353,0.3228213507625272,2.0588235294117645,3.4705882352941178,0.6694288826641767,1.0405967942732648,1.5447712418300654,160,259,152,154,189,167,158
Brandon Williams,22101067.40909091,1.4090909090909092,0.29797979797979796,2.3636363636363638,3.772727272727273,0.6509379509379509,1.03001443001443,1.5358225108225108,161,326,132,136,202,174,159
Taurean Prince,22100652.015625,1.34375,0.36171875,1.703125,3.046875,0.69453125,1.0191406250000001,1.5260416666666665,174,152,193,181,178,176,160
Jonas Valanciunas,22100606.68852459,0.9344262295081968,0.354247983346344,0.8688524590163934,1.8032786885245902,0.5864233671610721,0.7604247983346344,1.5218579234972678,278,175,328,309,239,259,161
Rudy Gay,22100702.072727274,1.2545454545454546,0.3347835497835498,1.709090909090909,2.963636363636364,0.7025757575757575,0.978560606060606,1.519004329004329,189,223,192,190,173,186,162
Wesley Matthews,22100787.854166668,1.1041666666666667,0.30711805555555555,1.3125,2.4166666666666665,0.6008184523809523,0.8524925595238094,1.5184027777777775,222,300,247,240,228,227,163
Jalen Brunson,22100632.586666666,1.24,0.33855555555555555,1.4,2.64,0.677063492063492,0.958531746031746,1.4993333333333334,192,215,234,216,184,194,164
Nassir Little,22100355.45238095,1.2142857142857142,0.29489795918367345,1.7142857142857142,2.9285714285714284,0.5933673469387755,0.9038265306122448,1.496485260770975,202,337,191,193,235,212,165
Avery Bradley,22100562.983333334,1.3666666666666667,0.36992724867724863,1.4166666666666667,2.783333333333333,0.7995701058201058,1.0831183862433862,1.4855555555555557,168,129,230,205,136,153,166
Landry Shamet,22100613.347826086,1.7681159420289856,0.3393432252127904,2.4347826086956523,4.202898550724638,0.8641074304117783,1.3161116862203819,1.4850931677018635,105,213,128,122,114,108,167
John Collins,22100453.31372549,1.2549019607843137,0.34183006535947713,1.3725490196078431,2.627450980392157,0.7202614379084967,0.9875816993464053,1.4663398692810456,188,205,240,218,163,183,168
Rui Hachimura,22100921.658536587,1.3414634146341464,0.49065040650406505,1.024390243902439,2.3658536585365852,0.9239837398373983,1.1327235772357722,1.4613821138211383,176,18,293,244,101,141,169
Myles Turner,22100308.095238097,1.4523809523809523,0.31734693877551023,1.8095238095238095,3.261904761904762,0.7638321995464853,1.1081065759637188,1.4583333333333333,151,271,181,167,147,149,170
Tre Mann,22100621.316666666,1.5833333333333333,0.36816859066859065,2.25,3.8333333333333335,0.783973063973064,1.1836531986531986,1.442638888888889,130,133,139,134,139,132,171
Nickeil Alexander-Walker,22100501.516666666,1.75,0.32531917156917156,3.1666666666666665,4.916666666666667,0.7527796740296739,1.251389837014837,1.4389309764309766,107,252,61,76,151,119,172
Facundo Campazzo,22100506.698113207,1.0943396226415094,0.2901841868823001,1.4150943396226414,2.509433962264151,0.55285265049416,0.8235961365678346,1.428661275831087,224,346,231,228,265,232,173
Davion Mitchell,22100609.80821918,1.3835616438356164,0.31414437921287236,2.1095890410958904,3.493150684931507,0.6532507066753642,1.0184061752554903,1.4241030658838878,165,282,150,152,201,177,174
Maxi Kleber,22100651.576271188,1.4067796610169492,0.3243139628732849,2.1186440677966103,3.5254237288135593,0.6586158192090396,1.0326977401129944,1.4234463276836158,162,256,148,149,195,172,175
Tim Frazier,22100538.625,0.75,0.25,0.75,1.5,0.4375,0.59375,1.4166666666666667,353,417,353,353,356,357,176
Jordan Nwora,22100571.14814815,1.4259259259259258,0.2966490299823633,1.9814814814814814,3.4074074074074074,0.6844797178130512,1.0552028218694884,1.4095679012345679,154,331,161,155,182,161,177
P.J. Tucker,22100584.661538463,1.2307692307692308,0.3808974358974359,1.0769230769230769,2.3076923076923075,0.7383333333333333,0.984551282051282,1.3833333333333333,198,105,281,250,157,184,178
Eric Bledsoe,22100397.039215688,1.0,0.3048552754435107,1.2549019607843137,2.2549019607843137,0.5409897292250233,0.7704948646125117,1.379738562091503,255,305,252,257,278,254,179
P.J. Dozier,22100145.529411763,0.8823529411764706,0.2176470588235294,1.2352941176470589,2.1176470588235294,0.46274509803921565,0.6725490196078432,1.3676470588235294,298,448,257,271,338,312,180
Lonnie Walker IV,22100576.828571428,1.5714285714285714,0.29966244073386933,2.914285714285714,4.485714285714286,0.6587657184085756,1.1150971449185734,1.3595804988662132,134,321,74,102,194,145,181
Austin Rivers,22100669.921875,1.234375,0.30894717261904764,1.5,2.734375,0.6505022321428571,0.9424386160714285,1.3571800595238095,194,293,216,211,203,199,182
Pascal Siakam,22100699.4375,1.171875,0.3397693452380952,1.375,2.546875,0.6768973214285714,0.9243861607142857,1.34296875,209,212,238,223,186,204,183
Kenrich Williams,22100446.888888888,0.9111111111111111,0.3340740740740741,0.8888888888888888,1.8,0.5525925925925926,0.731851851851852,1.3388888888888888,287,224,323,310,266,275,184
Kristaps Porzingis,22100611.63265306,1.469387755102041,0.286175898931001,2.5918367346938775,4.061224489795919,0.6346209912536444,1.0520043731778426,1.3350340136054424,149,354,111,127,213,162,185
Kelly Olynyk,22100697.916666668,1.0833333333333333,0.3509259259259259,1.1666666666666667,2.25,0.6157407407407408,0.849537037037037,1.3263888888888888,226,183,265,258,221,228,186
Oshae Brissett,22100693.213114753,1.3442622950819672,0.3552888368462139,1.7377049180327868,3.081967213114754,0.7212138953942233,1.0327380952380953,1.3240437158469944,173,172,189,178,162,171,187
Payton Pritchard,22100671.725806452,1.532258064516129,0.375533695694986,1.6451612903225807,3.1774193548387095,0.8673037535940762,1.1997809090551026,1.3238351254480287,137,118,200,173,113,130,188
Julius Randle,22100562.605633803,1.6901408450704225,0.2640342052313883,3.0,4.690140845070423,0.7110496311200536,1.200595238095238,1.323138832997988,116,391,68,87,167,129,189
Jaylen Nowell,22100725.603773586,1.1886792452830188,0.4119047619047619,1.150943396226415,2.339622641509434,0.7335579514824797,0.9611185983827494,1.3157232704402515,205,51,269,246,160,193,190
Vit Krejci,22101003.692307692,1.2307692307692308,0.2987179487179487,1.6923076923076923,2.923076923076923,0.6993589743589743,0.9650641025641025,1.3121794871794872,196,325,197,194,175,192,191
Moritz Wagner,22100610.98148148,1.2222222222222223,0.2960978835978836,1.8333333333333333,3.0555555555555554,0.576521164021164,0.8993716931216931,1.3075837742504408,201,335,177,180,252,214,192
Keon Johnson,22100938.344827585,1.1724137931034482,0.24890530925013685,1.3448275862068966,2.5172413793103448,0.5815818281335522,0.8769978106185002,1.3057471264367817,208,422,244,227,247,219,193
Nikola Vucevic,22100637.305555556,1.4444444444444444,0.2945050705467372,2.361111111111111,3.8055555555555554,0.6770557760141094,1.060750110229277,1.3006944444444444,152,338,133,135,185,159,194
Dejounte Murray,22100579.67164179,1.4179104477611941,0.28371239042880836,2.1940298507462686,3.611940298507463,0.6461146647713811,1.0320125562662876,1.2932835820895523,157,360,143,145,206,173,195
Garrett Temple,22100472.054545455,1.0727272727272728,0.300050505050505,1.5636363636363637,2.6363636363636362,0.5573232323232323,0.8150252525252526,1.2932034632034632,229,315,208,217,261,235,196
Derrick White,22100610.383561645,1.5753424657534247,0.30407697325505545,2.8219178082191783,4.397260273972603,0.6743639921722113,1.124853228962818,1.2914546640574038,132,306,84,108,187,142,197
Furkan Korkmaz,22100550.612903226,1.2258064516129032,0.27355001629195175,1.8387096774193548,3.064516129032258,0.6192733789507983,0.9225399152818509,1.2883326351068285,200,379,176,179,217,205,198
Justin Champagnie,22100654.066666666,0.6666666666666666,0.2866666666666667,0.26666666666666666,0.9333333333333333,0.5133333333333333,0.59,1.2666666666666666,383,352,438,423,287,361,199
De'Andre Hunter,22100728.28846154,1.4230769230769231,0.3785714285714286,1.7884615384615385,3.2115384615384617,0.805631868131868,1.1143543956043955,1.2612179487179487,156,113,182,170,134,146,200
Markus Howard,22100563.0,1.3333333333333333,0.3576719576719577,1.4285714285714286,2.761904761904762,0.7981481481481483,1.0657407407407409,1.2555555555555555,178,164,228,208,137,157,201
Cassius Stanley,22100566.75,0.5,0.15625,0.25,0.75,0.34375,0.421875,1.25,434,491,444,437,420,429,202
Ayo Dosunmu,22100674.05882353,1.0147058823529411,0.36372549019607847,0.9705882352941176,1.9852941176470589,0.6191176470588236,0.8169117647058823,1.2401960784313726,246,147,308,286,218,233,203
Jamorko Pickett,22100884.4,1.3,0.3741025641025641,1.9,3.2,0.6397435897435898,0.9698717948717949,1.2361111111111112,181,123,170,172,209,188,204
Jevon Carter,22100621.06122449,1.346938775510204,0.3934962996187486,1.6326530612244898,2.979591836734694,0.7273603947073335,1.0371495851087689,1.2047619047619047,171,80,201,188,161,169,205
Malcolm Brogdon,22100415.171428572,1.6285714285714286,0.29631519274376417,2.857142857142857,4.485714285714286,0.6853174603174603,1.1569444444444446,1.201156462585034,126,333,80,101,181,138,206
Alex Caruso,22100536.39473684,1.105263157894737,0.3416666666666666,1.4210526315789473,2.526315789473684,0.6021929824561404,0.8537280701754387,1.200438596491228,221,206,229,225,227,226,207
Matt Thomas,22100634.65625,1.0625,0.4060267857142857,1.21875,2.28125,0.6497767857142857,0.8561383928571429,1.19375,233,57,260,254,205,224,208
Aaron Gordon,22100616.465753425,1.1917808219178083,0.3469993476842792,1.4931506849315068,2.684931506849315,0.6168297455968689,0.9043052837573387,1.187214611872146,204,198,220,214,220,211,209
Austin Reaves,22100698.833333332,0.9444444444444444,0.293342151675485,1.0185185185185186,1.962962962962963,0.513095238095238,0.7287698412698412,1.1753086419753087,276,341,294,288,288,276,210
Danuel House Jr.,22100657.6,1.1,0.3084523809523809,1.075,2.175,0.6396428571428572,0.8698214285714286,1.175,223,296,282,266,210,220,211
Skylar Mays,22100418.333333332,0.7777777777777778,0.2962962962962963,1.1111111111111112,1.8888888888888888,0.462962962962963,0.6203703703703705,1.1703703703703703,346,334,277,300,337,346,212
Jeremy Lamb,22100584.345454544,1.0,0.32411255411255413,1.2363636363636363,2.2363636363636363,0.5472294372294373,0.7736147186147186,1.167878787878788,250,257,256,259,272,251,213
Juancho Hernangomez,22100803.583333332,1.0,0.33978174603174605,0.9583333333333334,1.9583333333333333,0.6056547619047619,0.8028273809523809,1.1666666666666667,248,211,310,289,225,239,214
Nikola Jokic,22100613.54411765,1.411764705882353,0.3664740896358543,1.9558823529411764,3.3676470588235294,0.7523634453781513,1.082064075630252,1.1550770308123248,159,138,164,161,152,154,215
Caleb Martin,22100601.80357143,1.125,0.3815476190476191,1.0357142857142858,2.1607142857142856,0.6931547619047619,0.909077380952381,1.1547619047619049,216,103,291,267,179,208,216
Cory Joseph,22100625.96551724,1.1206896551724137,0.3947865353037767,0.896551724137931,2.0172413793103448,0.7497947454844007,0.9352422003284072,1.1479885057471264,218,77,320,276,155,203,217
Ziaire Williams,22100659.813559324,1.2881355932203389,0.31110683102208525,2.0508474576271185,3.3389830508474576,0.616925306332086,0.9525304497762125,1.129862792574657,183,288,153,163,219,196,218
Hassani Gravett,22100490.5,1.375,0.4583333333333333,1.5,2.875,0.7083333333333333,1.0416666666666667,1.125,167,30,214,197,168,165,219
Precious Achiuwa,22100686.936507937,0.8888888888888888,0.29710884353741496,0.7301587301587301,1.619047619047619,0.5605631141345427,0.7247260015117158,1.1238095238095238,294,329,356,340,258,278,220
Josh Giddey,22100471.452830188,1.0566037735849056,0.25283223066241933,1.7735849056603774,2.830188679245283,0.4839234664706363,0.7702636200277709,1.1177672955974842,234,408,184,200,319,255,221
Shai Gilgeous-Alexander,22100516.67857143,1.5357142857142858,0.3007769016697588,2.8392857142857144,4.375,0.7047309833024118,1.1202226345083488,1.1154195011337869,136,313,83,112,171,143,222
Alfonzo McKinnie,22100567.545454547,0.8181818181818182,0.2303030303030303,0.6363636363636364,1.4545454545454546,0.5636363636363636,0.6909090909090909,1.1136363636363635,327,441,373,363,257,298,223
Sam Hauser,22100831.19047619,0.8571428571428571,0.43253968253968256,0.47619047619047616,1.3333333333333333,0.6547619047619048,0.7559523809523809,1.1111111111111112,307,35,411,380,199,262,224
Jaden McDaniels,22100560.69117647,1.1764705882352942,0.3197829131652661,1.9411764705882353,3.1176470588235294,0.5792366946778712,0.8778536414565827,1.1017156862745099,207,265,166,176,249,218,225
Obi Toppin,22100638.75,0.8125,0.21008184523809523,0.890625,1.703125,0.4328869047619047,0.6226934523809524,1.0924479166666667,329,458,322,325,360,343,226
Jonathan Kuminga,22100714.21818182,0.9090909090909091,0.2784848484848485,0.8545454545454545,1.7636363636363637,0.5645454545454546,0.7368181818181818,1.0924242424242423,289,372,330,313,255,273,227
Dillon Brooks,22100619.548387095,1.4838709677419355,0.3028161802355351,2.806451612903226,4.290322580645161,0.5835381464413723,1.0337045570916539,1.0817204301075267,146,308,87,116,244,170,228
De'Aaron Fox,22100496.413793102,1.2586206896551724,0.2847682489923869,2.2241379310344827,3.4827586206896552,0.5520394835050008,0.9053300865800865,1.076293103448276,186,358,140,153,267,209,229
Greg Brown III,22100913.48148148,0.7037037037037037,0.27354497354497354,0.6666666666666666,1.3703703703703705,0.44215167548500883,0.5729276895943562,1.075925925925926,365,380,367,370,349,368,230
Deni Avdija,22100623.246753246,1.0649350649350648,0.31312615955473094,1.7012987012987013,2.7662337662337664,0.5080859616573902,0.7865105132962277,1.0699134199134197,232,285,195,207,294,244,231
Damion Lee,22100598.85964912,1.105263157894737,0.3006126427179059,1.3859649122807018,2.491228070175439,0.5766360345307714,0.8409495962127541,1.0687134502923976,220,314,236,234,251,230,232
Brandon Goodwin,22100802.5,0.95,0.3767857142857143,0.8,1.75,0.5994047619047619,0.774702380952381,1.065,274,116,341,314,230,250,233
Jalen McDaniels,22100558.266666666,0.9111111111111111,0.3914814814814815,0.6,1.511111111111111,0.6574074074074074,0.7842592592592592,1.0592592592592591,286,83,380,352,196,245,234
Al Horford,22100611.53731343,1.328358208955224,0.3383972992181947,1.9701492537313432,3.298507462686567,0.6571961620469083,0.992777185501066,1.0574626865671641,179,216,163,165,197,182,235
Frank Kaminsky,22100129.166666668,0.8333333333333334,0.2611111111111111,0.8333333333333334,1.6666666666666667,0.4388888888888889,0.6361111111111111,1.0555555555555556,321,398,332,330,353,334,236
Armoni Brooks,22100554.1875,1.5,0.27271316646316646,2.8958333333333335,4.395833333333333,0.5943744912494912,1.0471872456247457,1.0542809042809043,143,382,76,109,234,163,237
Wendell Carter Jr.,22100514.426229507,1.1475409836065573,0.3476580796252927,1.6721311475409837,2.819672131147541,0.5788056206088993,0.8631733021077282,1.0527322404371584,212,195,198,201,250,222,238
Bradley Beal,22100359.425,1.575,0.29925324675324677,2.975,4.55,0.6107251082251082,1.092862554112554,1.0489583333333334,133,322,71,93,222,152,239
Killian Tillie,22100522.5,0.9,0.28888888888888886,1.2333333333333334,2.1333333333333333,0.45111111111111113,0.6755555555555557,1.0444444444444445,291,350,258,268,345,306,240
Kessler Edwards,22100820.63043478,1.0434782608695652,0.32717391304347826,1.2391304347826086,2.282608695652174,0.5869047619047619,0.8151915113871636,1.039855072463768,237,245,254,253,237,234,241
Terrence Ross,22100544.4,1.2833333333333334,0.28241402116402115,2.1166666666666667,3.4,0.5599669312169312,0.9216501322751323,1.0281349206349206,185,362,149,156,259,206,242
DeMarcus Cousins,22100798.02222222,0.8222222222222222,0.2885185185185185,1.0444444444444445,1.8666666666666667,0.4381481481481481,0.6301851851851852,1.0229629629629629,324,351,288,304,354,340,243
Blake Griffin,22100515.387755103,0.7755102040816326,0.20816326530612245,1.0408163265306123,1.816326530612245,0.4001943634596695,0.5878522837706511,1.0221574344023325,347,460,289,308,388,363,244
Kyle Guy,22100723.333333332,0.9333333333333333,0.2688888888888889,1.0666666666666667,2.0,0.5022222222222222,0.7177777777777777,1.0166666666666666,279,385,285,285,298,279,245
Joshua Primo,22100810.219512194,1.024390243902439,0.3254936120789779,1.2926829268292683,2.317073170731707,0.5407084785133566,0.7825493612078978,1.0162601626016259,243,250,249,248,279,247,246
Jeff Green,22100572.916666668,0.8833333333333333,0.27226190476190476,1.05,1.9333333333333333,0.49424603174603177,0.6887896825396825,1.0161111111111112,297,383,287,295,315,299,247
Wes Iwundu,22100526.0,1.5,0.75,1.0,2.5,1.0,1.25,1.0,141,2,300,230,78,120,248
Juwan Morgan,22100494.0,1.0,0.5,1.0,2.0,0.5,0.75,1.0,258,10,296,280,310,266,249
Eugene Omoruyi,22100075.0,1.0,0.5,1.0,2.0,0.5,0.75,1.0,247,14,302,278,309,265,250
Chris Paul,22100545.770491805,1.0327868852459017,0.31524199843871975,1.4098360655737705,2.442622950819672,0.5113778298204528,0.7720823575331772,0.9967213114754098,239,277,233,239,291,252,251
Kent Bazemore,22100465.28125,0.90625,0.34069940476190474,0.71875,1.625,0.5912946428571428,0.7487723214285714,0.99375,290,207,358,338,236,268,252
Tyus Jones,22100595.260869566,1.1594202898550725,0.3518288474810214,1.1159420289855073,2.2753623188405796,0.7138716356107659,0.9366459627329193,0.9915458937198068,211,181,275,255,166,201,253
R.J. Hampton,22100568.24590164,1.0163934426229508,0.3750390320062451,1.1967213114754098,2.2131147540983607,0.5857338017174082,0.8010636221701796,0.9814207650273225,245,119,264,261,242,240,254
Isaiah Joe,22100609.066666666,1.0,0.33690476190476193,1.288888888888889,2.2888888888888888,0.5528835978835979,0.776441798941799,0.9600000000000001,264,218,250,251,264,248,255
Brandon Knight,22100753.4,0.8,0.19047619047619047,1.2,2.0,0.38095238095238093,0.5904761904761904,0.96,336,474,263,283,404,360,256
Stanley Johnson,22100870.266666666,0.7333333333333333,0.27481481481481485,0.7555555555555555,1.488888888888889,0.44518518518518513,0.5892592592592593,0.9574074074074075,360,376,352,357,348,362,257
Isaiah Thomas,22100954.227272727,1.2272727272727273,0.31655844155844154,1.5909090909090908,2.8181818181818183,0.6457792207792208,0.936525974025974,0.9507575757575758,199,274,204,203,207,202,258
Keifer Sykes,22100806.576923076,1.0384615384615385,0.24752747252747254,1.5769230769230769,2.6153846153846154,0.4597985347985348,0.7491300366300366,0.9487179487179487,238,425,206,219,340,267,259
Alekesej Pokusevski,22100576.85,0.95,0.2660119047619048,1.55,2.5,0.42716269841269844,0.6885813492063492,0.9465740740740741,273,386,211,232,364,300,260
Cameron Payne,22100597.620689657,1.206896551724138,0.3597085385878489,1.7586206896551724,2.9655172413793105,0.5862684729064039,0.896582512315271,0.9433908045977012,203,158,185,189,241,216,261
Georgios Kalaitzakis,22100741.14285714,1.4285714285714286,0.4387755102040816,2.142857142857143,3.5714285714285716,0.6632653061224489,1.0459183673469388,0.9428571428571428,153,33,146,147,193,164,262
Denzel Valentine,22100336.0,1.2857142857142858,0.41802721088435374,1.5714285714285714,2.857142857142857,0.645578231292517,0.9656462585034014,0.9380952380952381,184,43,207,198,208,191,263
Darius Bazley,22100579.44117647,1.1764705882352942,0.3074288048552754,1.9852941176470589,3.161764705882353,0.5411472922502334,0.8588089402427638,0.9362745098039216,206,298,160,174,277,223,264
Herbert Jones,22100700.774193548,0.9193548387096774,0.3114823348694316,1.0161290322580645,1.935483870967742,0.5145545314900154,0.7169546850998464,0.9341397849462365,285,287,295,294,286,281,265
Patrick Williams,22100909.85714286,1.0714285714285714,0.4583333333333333,0.5714285714285714,1.6428571428571428,0.8154761904761905,0.943452380952381,0.9285714285714286,231,29,385,336,128,198,266
Russell Westbrook,22100592.92105263,1.0263157894736843,0.26594611528822054,1.4736842105263157,2.5,0.4985588972431078,0.762437343358396,0.9276315789473685,242,387,222,229,311,258,267
Jalen Smith,22100798.951219514,0.975609756097561,0.2804878048780488,1.4390243902439024,2.4146341463414633,0.45487804878048776,0.7152439024390244,0.917479674796748,268,365,227,242,342,285,268
Gorgui Dieng,22100483.61764706,0.8529411764705882,0.40147058823529413,0.6176470588235294,1.4705882352941178,0.5750000000000001,0.713970588235294,0.9117647058823529,311,61,379,361,253,286,269
Torrey Craig,22100637.666666668,1.0266666666666666,0.3070899470899471,1.16,2.1866666666666665,0.5863386243386243,0.8065026455026455,0.91,241,301,266,263,240,238,270
Serge Ibaka,22100686.086956523,0.8043478260869565,0.3467391304347826,0.6739130434782609,1.4782608695652173,0.5423913043478261,0.6733695652173912,0.9047101449275362,333,199,366,359,275,309,271
Eric Paschall,22100548.465116277,0.9302325581395349,0.4062569213732004,1.0,1.930232558139535,0.5656146179401993,0.7479235880398671,0.9011627906976745,281,56,305,296,254,269,272
Jae'Sean Tate,22100608.492957745,0.8873239436619719,0.2899564050972502,1.0704225352112675,1.9577464788732395,0.4794936284372904,0.6834087860496311,0.8987256874580818,296,347,283,291,321,302,273
Chimezie Metu,22100673.69090909,1.0,0.3068326118326118,1.3636363636363635,2.3636363636363638,0.5006998556998556,0.7503499278499278,0.8982683982683983,249,302,242,245,299,264,274
Malachi Flynn,22100592.964285713,1.0714285714285714,0.38562925170068024,1.3928571428571428,2.4642857142857144,0.6081632653061224,0.839795918367347,0.8821428571428571,230,93,235,236,223,231,275
Trey Murphy III,22100589.615384616,1.3461538461538463,0.39853479853479856,1.5576923076923077,2.9038461538461537,0.7709706959706959,1.058562271062271,0.8807692307692307,172,68,209,196,144,160,276
Tony Snell,22100602.48888889,1.0,0.3101851851851852,0.9555555555555556,1.9555555555555555,0.5816666666666667,0.7908333333333333,0.8807407407407407,252,289,311,292,246,242,277
Nemanja Bjelica,22100551.627118643,0.8813559322033898,0.34717514124293786,0.7796610169491526,1.6610169491525424,0.5533898305084746,0.7173728813559322,0.8728813559322034,299,197,347,333,263,280,278
Shake Milton,22100630.80392157,0.803921568627451,0.26209150326797387,0.9019607843137255,1.7058823529411764,0.4522875816993464,0.6281045751633987,0.8699346405228758,334,394,317,323,344,342,279
Trey Lyles,22100603.86956522,0.9565217391304348,0.30866114561766733,1.3043478260869565,2.260869565217391,0.5107315389924085,0.7336266390614217,0.8533816425120773,270,295,248,256,292,274,280
Elijah Hughes,22100925.51851852,0.9259259259259259,0.20132275132275132,1.5925925925925926,2.5185185185185186,0.4032627865961199,0.6645943562610229,0.8506172839506173,284,463,203,226,386,318,281
Cam Thomas,22100648.37735849,0.8679245283018868,0.21810422282120395,1.3396226415094339,2.207547169811321,0.42376460017969453,0.6458445642407907,0.85,304,447,245,262,366,325,282
Giannis Antetokounmpo,22100595.820895523,1.044776119402985,0.2791400142146411,1.5522388059701493,2.5970149253731343,0.5232054015636105,0.7839907604832977,0.847547974413646,236,369,210,222,283,246,283
Domantas Sabonis,22100457.773584906,0.7358490566037735,0.29150943396226414,0.5283018867924528,1.2641509433962264,0.5273584905660377,0.6316037735849057,0.8449685534591195,359,343,395,387,281,336,284
Aaron Wiggins,22100705.80851064,0.8936170212765957,0.2976950354609929,1.148936170212766,2.0425531914893615,0.46436170212765954,0.6789893617021276,0.8421985815602837,293,327,270,273,334,304,285
Chris Boucher,22100630.628205128,0.8717948717948718,0.24563492063492062,1.3461538461538463,2.217948717948718,0.4065018315018315,0.6391483516483516,0.8395299145299145,303,428,243,260,381,331,286
Jalen Suggs,22100530.0,0.875,0.21714616402116402,1.5416666666666667,2.4166666666666665,0.4071263227513227,0.6410631613756613,0.8319444444444445,300,449,212,241,379,328,287
Collin Sexton,22100072.454545453,1.0,0.1987012987012987,1.8181818181818181,2.8181818181818183,0.41558441558441556,0.7077922077922079,0.8303030303030302,262,469,180,202,374,288,288
T.J. McConnell,22100269.875,0.625,0.2611607142857143,0.4375,1.0625,0.40848214285714285,0.5167410714285714,0.828125,394,397,420,410,378,396,289
Josh Jackson,22100514.34090909,0.75,0.20833333333333331,1.0681818181818181,1.8181818181818181,0.36461038961038966,0.5573051948051948,0.8268939393939394,354,459,284,307,413,375,290
Delon Wright,22100650.25,0.7857142857142857,0.3788690476190476,0.5357142857142857,1.3214285714285714,0.5514880952380953,0.6686011904761904,0.8095238095238094,343,112,392,382,268,313,291
Scottie Barnes,22100671.04761905,0.8571428571428571,0.255998190522,1.2222222222222223,2.0793650793650795,0.40278923017018253,0.6299660436565199,0.8070105820105821,308,404,259,272,387,341,292
Michael Porter Jr.,22100071.888888888,1.1111111111111112,0.18518518518518517,2.5555555555555554,3.6666666666666665,0.39999999999999997,0.7555555555555555,0.803968253968254,219,480,113,140,393,263,293
Brandon Boston,22100654.86842105,0.8947368421052632,0.27095864661654134,1.0,1.894736842105263,0.4976503759398496,0.6961936090225563,0.8004385964912281,292,384,299,298,313,293,294
Justin Jackson,22100670.4,0.6,0.3333333333333333,0.2,0.8,0.4666666666666666,0.5333333333333333,0.8,402,228,449,434,332,386,295
Kenyon Martin Jr.,22100672.414285716,0.8571428571428571,0.3580952380952381,0.7571428571428571,1.6142857142857143,0.5328571428571428,0.695,0.7976190476190476,310,163,350,341,280,296,296
Malcolm Hill,22100810.0625,0.8125,0.2583333333333333,0.875,1.6875,0.46875,0.640625,0.796875,330,402,327,327,330,329,297
Rajon Rondo,22100568.57142857,0.7714285714285715,0.2785714285714286,0.8857142857142857,1.6571428571428573,0.4380952380952381,0.6047619047619048,0.7952380952380952,348,371,324,335,355,353,298
Kelan Martin,22100316.0,0.7857142857142857,0.2619047619047619,0.9642857142857143,1.75,0.3988095238095238,0.5922619047619048,0.7928571428571428,342,396,309,315,394,359,299
Talen Horton-Tucker,22100690.98245614,0.8245614035087719,0.21159844054580895,1.1578947368421053,1.9824561403508771,0.39756335282651073,0.6110623781676413,0.7754385964912281,322,456,268,287,396,350,300
Trey Burke,22100595.636363637,0.7878787878787878,0.2959595959595959,0.7575757575757576,1.5454545454545454,0.47474747474747475,0.6313131313131313,0.7752525252525252,341,336,349,348,325,338,301
Aaron Nesmith,22100559.772727273,0.6818181818181818,0.24886363636363634,0.6590909090909091,1.3409090909090908,0.40946969696969693,0.5456439393939394,0.7651515151515151,377,423,368,377,376,379,302
Romeo Langford,22100473.243243244,0.7837837837837838,0.3121621621621622,0.7567567567567568,1.5405405405405406,0.4599099099099099,0.6218468468468469,0.7567567567567568,344,286,351,349,339,344,303
Killian Hayes,22100646.789473683,0.7543859649122807,0.25277081592871065,1.1403508771929824,1.894736842105263,0.3698691172375383,0.5621275410749096,0.7550543024227234,351,409,271,299,411,371,304
Timothe Luwawu-Cabarrot,22100616.731707316,1.0731707317073171,0.37915214866434377,1.4146341463414633,2.4878048780487805,0.5431475029036005,0.8081591173054589,0.7548780487804878,228,110,232,235,274,237,305
Ty Jerome,22100466.0,1.0222222222222221,0.25373015873015875,2.088888888888889,3.111111111111111,0.39854497354497354,0.7103835978835978,0.7474074074074074,244,406,151,177,395,287,306
Juan Toscano-Anderson,22100501.51219512,0.6829268292682927,0.2646341463414634,0.5609756097560976,1.2439024390243902,0.4199186991869918,0.5514227642276422,0.7439024390243902,373,388,387,389,367,377,307
Naz Reid,22100606.402985074,0.8507462686567164,0.3529850746268656,0.8955223880597015,1.7462686567164178,0.4982587064676617,0.6745024875621891,0.7412935323383084,313,178,321,318,312,308,308
Jaxson Hayes,22100766.21875,0.625,0.2942708333333333,0.34375,0.96875,0.4453125,0.53515625,0.734375,395,339,430,421,347,385,309
Theo Maledon,22100702.395348836,1.0,0.2538851974898486,1.697674418604651,2.697674418604651,0.4320136581764489,0.7160068290882244,0.7306201550387598,259,405,196,213,361,283,310
Cody Martin,22100584.865671642,0.9104477611940298,0.38606965174129354,0.7164179104477612,1.626865671641791,0.6079601990049751,0.7592039800995025,0.7288557213930349,288,92,359,337,224,260,311
Javonte Green,22100652.730769232,0.6923076923076923,0.3474358974358974,0.4807692307692308,1.1730769230769231,0.4641025641025641,0.5782051282051281,0.7275641025641026,371,196,407,398,335,365,312
Paul Watson,22100436.875,0.75,0.22291666666666665,1.75,2.5,0.30625,0.528125,0.7229166666666667,355,445,187,231,441,389,313
Daniel Theis,22100576.707317073,0.8048780487804879,0.2807200929152149,0.8780487804878049,1.6829268292682926,0.47828106852497093,0.6415795586527293,0.7215447154471545,332,364,326,328,323,327,314
Josh Christopher,22100708.53968254,0.873015873015873,0.264021164021164,1.1587301587301588,2.0317460317460316,0.473015873015873,0.673015873015873,0.7153439153439153,301,392,267,274,327,310,315
Jose Alvarado,22100820.086956523,0.6956521739130435,0.23079710144927537,0.9130434782608695,1.608695652173913,0.361231884057971,0.5284420289855073,0.7083333333333334,369,439,313,342,415,388,316
Trevelin Queen,22100627.25,1.0,0.3,1.125,2.125,0.5125,0.75625,0.7083333333333333,260,318,273,269,290,261,317
Isaac Okoro,22100660.949152544,0.9322033898305084,0.3566182405165456,0.8983050847457628,1.8305084745762712,0.5968926553672317,0.7645480225988701,0.7070621468926555,280,168,319,306,233,256,318
Bruce Brown,22100672.68,0.76,0.3406666666666666,0.46,1.22,0.5453333333333333,0.6526666666666666,0.6966666666666668,350,208,416,393,273,321,319
Keljin Blevins,22100946.4,0.84,0.25742857142857145,1.28,2.12,0.3848571428571429,0.6124285714285714,0.6866666666666668,316,403,251,270,402,349,320
Ish Smith,22100804.885714285,0.6857142857142857,0.36428571428571427,0.5428571428571428,1.2285714285714286,0.44047619047619047,0.5630952380952381,0.6857142857142857,372,146,390,391,351,370,321
Miles McBride,22100800.185185187,0.6296296296296297,0.24629629629629626,0.8148148148148148,1.4444444444444444,0.35987654320987655,0.4947530864197531,0.674074074074074,393,427,338,365,417,404,322
Jared Butler,22100672.75,0.9285714285714286,0.3501984126984127,1.4642857142857142,2.392857142857143,0.46924603174603174,0.6989087301587301,0.6723214285714285,282,189,224,243,329,290,323
Sam Merrill,22100147.0,1.1666666666666667,0.2888888888888889,2.5,3.6666666666666665,0.41111111111111115,0.7888888888888889,0.6722222222222222,210,349,125,139,375,243,324
Zach Collins,22101007.15,0.7,0.3958333333333333,0.5,1.2,0.4958333333333333,0.5979166666666667,0.6666666666666666,366,75,402,394,314,356,325
Yuta Watanabe,22100678.0,0.8571428571428571,0.31934523809523807,1.3214285714285714,2.1785714285714284,0.40565476190476185,0.6313988095238096,0.6654761904761904,309,266,246,265,382,337,326
Troy Brown Jr.,22100633.85714286,0.8392857142857143,0.36279761904761904,0.8214285714285714,1.6607142857142858,0.512797619047619,0.6760416666666667,0.6607142857142857,317,150,336,334,289,305,327
Terance Mann,22100606.987179488,0.9615384615384616,0.4027777777777778,1.0384615384615385,2.0,0.5643162393162393,0.7629273504273504,0.6581196581196581,269,59,290,284,256,257,328
Kyle Anderson,22100588.19642857,0.6428571428571429,0.29166666666666663,0.5178571428571429,1.1607142857142858,0.40654761904761905,0.524702380952381,0.6547619047619048,389,342,398,402,380,392,329
Gary Payton II,22100586.944444444,0.7962962962962963,0.35379188712522047,0.7222222222222222,1.5185185185185186,0.5040564373897707,0.6501763668430335,0.6512345679012346,338,177,357,351,297,322,330
Moses Moody,22100716.10526316,1.0526315789473684,0.3919799498746867,1.131578947368421,2.1842105263157894,0.6386591478696741,0.8456453634085213,0.6510025062656641,235,82,272,264,211,229,331
Justin Anderson,22100895.4375,0.9375,0.22633928571428572,2.0,2.9375,0.39598214285714284,0.6667410714285714,0.6479166666666667,277,442,159,192,397,315,332
Svi Mykhailiuk,22100417.023255814,0.9534883720930233,0.3027685492801772,1.5813953488372092,2.5348837209302326,0.4365448504983389,0.695016611295681,0.6453488372093024,272,309,205,224,357,295,333
Zeke Nnaji,22100514.444444444,1.0277777777777777,0.4853395061728395,0.5277777777777778,1.5555555555555556,0.7785493827160495,0.9031635802469135,0.6412037037037037,240,20,396,347,141,213,334
John Konchar,22100627.786885247,0.8524590163934426,0.38224043715846995,0.6229508196721312,1.4754098360655739,0.6046448087431694,0.7285519125683061,0.6284153005464481,312,100,376,360,226,277,335
Jared Harper,22101037.75,1.25,0.5416666666666666,1.75,3.0,0.625,0.9375,0.625,190,7,188,183,214,200,336
George Hill,22100487.36170213,0.8723404255319149,0.30579196217494087,1.0638297872340425,1.9361702127659575,0.5147754137115839,0.6935579196217494,0.6149949341438703,302,303,286,293,285,297,337
Rodney Hood,22100506.951219514,0.7317073170731707,0.3508130081300813,0.6829268292682927,1.4146341463414633,0.474390243902439,0.6030487804878049,0.6138211382113821,361,184,362,366,326,354,338
Justin Robinson,22100271.157894738,0.9473684210526315,0.3153508771929825,1.368421052631579,2.3157894736842106,0.48640350877192984,0.7168859649122807,0.6096491228070176,275,276,241,249,318,282,339
Kevin Knox II,22100723.739130434,0.6521739130434783,0.1828063241106719,0.7391304347826086,1.391304347826087,0.3343214756258234,0.4932476943346508,0.6086956521739131,388,481,355,369,422,406,340
Javonte Smart,22100566.5,0.8,0.3071428571428571,0.9,1.7,0.47857142857142854,0.6392857142857142,0.6,335,299,318,326,322,330,341
DeMar DeRozan,22100608.625,0.78125,0.38307291666666665,0.546875,1.328125,0.5846354166666666,0.6829427083333334,0.59765625,345,97,389,381,243,303,342
Josh Green,22100832.92857143,0.6666666666666666,0.35714285714285715,0.4523809523809524,1.119047619047619,0.4563492063492063,0.5615079365079365,0.5952380952380952,381,166,417,404,341,372,343
Admiral Schofield,22100806.766666666,0.8666666666666667,0.29888888888888887,1.0,1.8666666666666667,0.47,0.6683333333333333,0.5888888888888889,306,323,301,303,328,314,344
Louis King,22100583.666666668,0.8888888888888888,0.35648148148148145,1.1111111111111112,2.0,0.43981481481481477,0.6643518518518519,0.5888888888888889,295,169,276,281,352,319,345
Mychal Mulder,22100409.266666666,1.1333333333333333,0.31396825396825395,2.0,3.1333333333333333,0.4917460317460317,0.8125396825396825,0.5866666666666667,214,283,155,175,316,236,346
Lou Williams,22100600.63829787,0.7659574468085106,0.41312056737588654,0.6382978723404256,1.4042553191489362,0.5088652482269503,0.6374113475177304,0.575177304964539,349,49,372,367,293,332,347
Chris Chiozza,22100529.913043477,0.6956521739130435,0.27898550724637683,0.782608695652174,1.4782608695652173,0.39202898550724635,0.5438405797101449,0.572463768115942,370,370,346,358,400,381,348
LaMarcus Aldridge,22100427.84,0.56,0.21466666666666664,0.48,1.04,0.3306666666666666,0.44533333333333336,0.56,412,452,408,413,432,422,349
Maurice Harkless,22100474.128205128,0.7948717948717948,0.24188034188034188,1.0,1.794871794871795,0.41794871794871796,0.6064102564102565,0.5598290598290598,339,432,303,311,369,352,350
Joe Wieskamp,22100799.55,0.7,0.26416666666666666,0.65,1.35,0.44666666666666666,0.5733333333333334,0.5583333333333333,367,389,371,374,346,367,351
Markieff Morris,22100453.0625,0.8125,0.3177083333333333,0.8125,1.625,0.5052083333333334,0.6588541666666667,0.5520833333333333,331,270,339,339,296,320,352
Jimmy Butler,22100662.21276596,0.574468085106383,0.19875886524822695,0.7872340425531915,1.3617021276595744,0.3200354609929078,0.4472517730496454,0.5516210739614995,408,468,345,371,435,420,353
Ignas Brazdeikis,22100669.73529412,0.7941176470588235,0.2630252100840336,1.088235294117647,1.8823529411764706,0.4257703081232493,0.6099439775910364,0.5465686274509803,340,393,280,301,365,351,354
Kira Lewis Jr.,22100186.56521739,0.5217391304347826,0.2054865424430642,0.6521739130434783,1.173913043478261,0.30693581780538304,0.4143374741200828,0.5434782608695652,417,461,370,397,440,433,355
Jordan McLaughlin,22100707.45238095,0.6428571428571429,0.28293650793650793,0.5238095238095238,1.1666666666666667,0.4305555555555555,0.5367063492063492,0.5416666666666666,390,361,397,399,362,383,356
Jay Scrubb,22100413.444444444,0.6666666666666666,0.2777777777777778,1.1111111111111112,1.7777777777777777,0.2777777777777778,0.4722222222222222,0.5185185185185185,379,373,278,312,457,414,357
Sandro Mamukelashvili,22100608.52173913,0.9565217391304348,0.42439613526570047,0.9130434782608695,1.8695652173913044,0.5867149758454105,0.7716183574879227,0.5159420289855072,271,39,314,302,238,253,358
KZ Okpala,22100330.636363637,0.8181818181818182,0.3924242424242424,0.6363636363636364,1.4545454545454546,0.5803030303030302,0.6992424242424242,0.5151515151515151,325,81,374,364,248,289,359
Andre Iguodala,22100511.35714286,0.6071428571428571,0.2523809523809524,0.6785714285714286,1.2857142857142858,0.32023809523809527,0.4636904761904762,0.5119047619047619,400,410,363,384,434,416,360
Sterling Brown,22100487.651162792,0.6046511627906976,0.24806201550387597,0.6744186046511628,1.2790697674418605,0.36046511627906974,0.48255813953488375,0.5085271317829457,401,424,365,385,416,409,361
Frank Ntilikina,22100540.17073171,0.926829268292683,0.4016260162601626,1.0975609756097562,2.024390243902439,0.5544715447154471,0.7406504065040651,0.5060975609756098,283,60,279,275,262,272,362
Matisse Thybulle,22100634.31147541,0.7213114754098361,0.32049180327868854,0.7704918032786885,1.4918032786885247,0.4336065573770492,0.5774590163934427,0.5027322404371585,363,263,348,356,358,366,363
Cameron McGriff,22100522.333333332,0.6666666666666666,0.27777777777777773,1.0,1.6666666666666667,0.27777777777777773,0.47222222222222227,0.5,384,374,298,329,458,413,364
Nik Stauskas,22100876.333333332,0.6666666666666666,0.4166666666666667,0.5,1.1666666666666667,0.4166666666666667,0.5416666666666666,0.5,385,46,401,400,371,382,365
Daishen Nix,22100946.333333332,0.5833333333333334,0.23611111111111108,0.5,1.0833333333333333,0.375,0.4791666666666667,0.5,406,434,399,408,407,410,366
Mac McClung,22101220.0,1.0,0.3333333333333333,2.0,3.0,0.3333333333333333,0.6666666666666667,0.5,257,227,156,184,429,317,367
Cameron Oliver,22100533.0,1.0,0.3333333333333333,2.0,3.0,0.3333333333333333,0.6666666666666667,0.5,267,230,157,187,426,316,368
Lindell Wigginton,22100974.181818184,0.8181818181818182,0.3333333333333333,0.9090909090909091,1.7272727272727273,0.45454545454545453,0.6363636363636364,0.5,326,232,315,319,343,333,369
Trevor Ariza,22100732.833333332,0.8333333333333334,0.29732142857142857,1.125,1.9583333333333333,0.46339285714285716,0.6483630952380953,0.4930555555555556,318,328,274,290,336,324,370
Aaron Holiday,22100542.866666667,0.8444444444444444,0.4173280423280423,0.8666666666666667,1.711111111111111,0.548015873015873,0.6962301587301587,0.4883597883597883,314,44,329,322,271,292,371
Thaddeus Young,22100952.115384616,0.6538461538461539,0.3243589743589744,0.46153846153846156,1.1153846153846154,0.46794871794871795,0.5608974358974359,0.4839743589743589,387,255,414,405,331,373,372
Taj Gibson,22100753.727272727,0.6818181818181818,0.39924242424242423,0.5,1.1818181818181819,0.5053030303030304,0.5935606060606061,0.481060606060606,375,67,403,395,295,358,373
CJ Elleby,22100757.384615384,0.7115384615384616,0.3189102564102564,0.8846153846153846,1.5961538461538463,0.4048076923076923,0.5581730769230769,0.4733974358974359,364,268,325,344,383,374,374
Tyler Johnson,22100539.0,1.0,0.4833333333333333,1.6,2.6,0.4833333333333333,0.7416666666666667,0.4666666666666667,263,21,202,220,320,271,375
Lance Stephenson,22100824.22857143,0.7428571428571429,0.25285714285714284,0.6,1.3428571428571427,0.48714285714285716,0.615,0.4666666666666666,358,407,382,375,317,348,376
Dylan Windler,22100564.34375,0.625,0.23072916666666668,0.53125,1.15625,0.4276041666666667,0.5263020833333333,0.46354166666666663,396,440,394,403,363,390,377
Goran Dragic,22100809.315789472,0.8421052631578947,0.26403508771929823,1.8421052631578947,2.6842105263157894,0.2850877192982456,0.5635964912280702,0.4605263157894737,315,390,175,215,451,369,378
Justise Winslow,22100634.17857143,0.5357142857142857,0.21556122448979592,0.8214285714285714,1.3571428571428572,0.27338435374149656,0.40454931972789115,0.4583333333333333,414,451,337,372,459,437,379
Ish Wainright,22100720.137931034,0.6551724137931034,0.24511494252873564,0.6206896551724138,1.2758620689655173,0.39396551724137935,0.5245689655172413,0.4528735632183908,386,430,377,386,398,393,380
Luka Garza,22100434.125,0.6666666666666666,0.3271825396825397,0.7916666666666666,1.4583333333333333,0.383531746031746,0.5250992063492063,0.45,380,244,344,362,403,391,381
Raul Neto,22100579.166666668,0.5833333333333334,0.29424603174603176,0.5,1.0833333333333333,0.37003968253968256,0.47668650793650796,0.4444444444444444,407,340,400,407,409,412,382
Jalen Johnson,22100683.888888888,0.3333333333333333,0.18518518518518517,0.1111111111111111,0.4444444444444444,0.25925925925925924,0.2962962962962963,0.4444444444444444,478,479,473,480,463,470,383
Gabriel Lundberg,22101199.333333332,1.0,0.4666666666666666,1.0,2.0,0.6,0.7999999999999999,0.4444444444444444,266,25,304,277,229,241,384
Alperen Sengun,22100633.48214286,0.5178571428571429,0.2741071428571428,0.5357142857142857,1.0535714285714286,0.3318452380952381,0.4248511904761905,0.44255952380952385,419,378,391,411,431,427,385
Carsen Edwards,22101197.5,1.0,0.21666666666666667,2.5,3.5,0.3,0.6500000000000001,0.4375,254,450,122,151,446,323,386
Goga Bitadze,22100640.5,0.6764705882352942,0.22254901960784312,0.6764705882352942,1.3529411764705883,0.4156862745098039,0.546078431372549,0.4264705882352941,378,446,364,373,373,378,387
Marvin Bagley III,22100678.714285713,0.5476190476190477,0.24563492063492062,0.6904761904761905,1.2380952380952381,0.28293650793650793,0.41527777777777775,0.4246031746031746,413,429,361,390,452,432,388
Lamar Stevens,22100637.0,0.47368421052631576,0.2850877192982456,0.2631578947368421,0.7368421052631579,0.3333333333333333,0.40350877192982454,0.42105263157894735,441,357,440,440,430,439,389
Derrick Walton Jr.,22100518.0,1.0,0.17777777777777778,2.6666666666666665,3.6666666666666665,0.2888888888888889,0.6444444444444445,0.4166666666666667,251,483,105,141,448,326,390
Tyrone Wallace,22101045.0,0.6666666666666666,0.2333333333333333,1.6666666666666667,2.3333333333333335,0.2333333333333333,0.45,0.4166666666666667,382,437,199,247,474,418,391
JaMychal Green,22100586.472727273,0.6,0.24303030303030304,0.6545454545454545,1.2545454545454546,0.35818181818181816,0.4790909090909091,0.4075757575757576,405,431,369,388,418,411,392
Jahmi'us Ramsey,22100442.8,0.5,0.25,0.4,0.9,0.3,0.4,0.4,435,415,421,426,445,441,393
Keita Bates-Diop,22100555.34285714,0.4857142857142857,0.2357142857142857,0.17142857142857143,0.6571428571428571,0.39285714285714285,0.4392857142857143,0.4,439,435,459,451,399,423,394
James Johnson,22100657.790697675,0.5348837209302325,0.22596899224806202,0.627906976744186,1.1627906976744187,0.315891472868217,0.42538759689922484,0.37790697674418605,415,443,375,401,436,426,395
Isaiah Todd,22100624.25,0.5,0.25,0.375,0.875,0.3125,0.40625,0.375,428,412,424,428,438,436,396
BJ Johnson,22100455.5,1.0,0.4583333333333333,0.75,1.75,0.7083333333333333,0.8541666666666667,0.375,256,31,354,317,169,225,397
Hamidou Diallo,22100547.046511628,0.5116279069767442,0.23139534883720927,0.5581395348837209,1.069767441860465,0.3205426356589147,0.4160852713178294,0.3546511627906977,421,438,388,409,433,431,398
Evan Mobley,22100592.14893617,0.48936170212765956,0.22340425531914893,0.5319148936170213,1.0212765957446808,0.28014184397163117,0.38475177304964536,0.3546099290780142,438,444,393,414,455,448,399
Dalano Banton,22100504.580645163,0.3870967741935484,0.18548387096774194,0.3870967741935484,0.7741935483870968,0.22311827956989244,0.30510752688172044,0.3494623655913978,463,477,422,436,478,468,400
Larry Nance Jr.,22100411.583333332,0.6388888888888888,0.3171296296296296,0.5833333333333334,1.2222222222222223,0.41898148148148145,0.5289351851851852,0.34259259259259256,392,272,383,392,368,387,401
Naji Marshall,22100706.097560976,0.5121951219512195,0.16689895470383276,0.8292682926829268,1.3414634146341464,0.23600464576074331,0.3740998838559814,0.33943089430894313,420,485,335,376,473,449,402
Semi Ojeleye,22100488.818181816,0.6818181818181818,0.38257575757575757,0.3181818181818182,1.0,0.5492424242424242,0.615530303030303,0.3333333333333333,376,99,433,416,270,347,403
Solomon Hill,22100194.166666668,0.3333333333333333,0.08333333333333333,0.3333333333333333,0.6666666666666666,0.16666666666666666,0.25,0.3333333333333333,472,509,432,448,490,486,404
Marko Simonovic,22100429.333333332,0.3333333333333333,0.16666666666666666,0.3333333333333333,0.6666666666666666,0.16666666666666666,0.25,0.3333333333333333,476,487,431,447,491,485,405
Braxton Key,22101102.5,0.6,0.37,0.7,1.3,0.37,0.485,0.325,404,128,360,383,410,407,406
DeAndre' Bembry,22100389.09090909,0.6818181818181818,0.37121212121212116,0.18181818181818182,0.8636363636363636,0.5833333333333333,0.6325757575757576,0.3181818181818182,374,127,457,431,245,335,407
Tre Jones,22100743.866666667,0.3333333333333333,0.15,0.26666666666666666,0.6,0.20555555555555555,0.2694444444444445,0.31666666666666665,480,493,439,457,482,480,408
Drew Eubanks,22100808.263157893,0.2631578947368421,0.14035087719298245,0.15789473684210525,0.42105263157894735,0.17543859649122806,0.21929824561403505,0.3157894736842105,490,497,464,483,489,495,409
Isaiah Stewart,22100647.5,0.4666666666666667,0.2361111111111111,0.2,0.6666666666666666,0.38055555555555554,0.42361111111111105,0.3111111111111111,444,433,454,450,405,428,410
Saben Lee,22100559.61904762,0.6190476190476191,0.1585034013605442,1.2380952380952381,1.8571428571428572,0.2784580498866213,0.4487528344671202,0.30952380952380953,398,490,255,305,456,419,411
Leandro Bolmaro,22100547.53846154,0.38461538461538464,0.28205128205128205,0.07692307692307693,0.46153846153846156,0.3333333333333333,0.3589743589743589,0.3076923076923077,464,363,476,479,423,454,412
Trendon Watford,22100884.285714287,0.42857142857142855,0.21031746031746032,0.2857142857142857,0.7142857142857143,0.3134920634920635,0.371031746031746,0.3015873015873016,451,457,436,443,437,451,413
Anthony Davis,22100383.0,0.3939393939393939,0.17525252525252524,0.48484848484848486,0.8787878787878788,0.22575757575757577,0.3098484848484848,0.29040404040404044,462,484,406,427,476,467,414
Draymond Green,22100489.852941178,0.47058823529411764,0.3088235294117647,0.23529411764705882,0.7058823529411765,0.35784313725490197,0.41421568627450983,0.27941176470588236,443,294,445,445,419,434,415
Isaiah Hartenstein,22100890.2,0.7,0.4166666666666667,0.35,1.05,0.5416666666666667,0.6208333333333333,0.275,368,45,428,412,276,345,416
Haywood Highsmith,22100870.90909091,0.8181818181818182,0.2863636363636364,0.9090909090909091,1.7272727272727273,0.5272727272727272,0.6727272727272727,0.2727272727272727,328,353,316,320,282,311,417
Ryan Arcidiacono,22101119.0,0.8,0.55,0.8,1.6,0.55,0.675,0.26666666666666666,337,6,340,343,269,307,418
Aleem Ford,22100463.0,0.4,0.08,0.6,1.0,0.16,0.27999999999999997,0.26666666666666666,460,510,381,419,495,477,419
Anthony Gill,22100863.588235293,0.8235294117647058,0.4901960784313726,0.35294117647058826,1.1764705882352942,0.6666666666666667,0.7450980392156863,0.2647058823529412,323,19,426,396,190,270,420
Derrick Jones Jr.,22100574.34375,0.625,0.3390625,0.46875,1.09375,0.4661458333333333,0.5455729166666666,0.2630208333333333,397,214,412,406,333,380,421
Jock Landale,22100709.102564104,0.7435897435897436,0.38803418803418804,0.7948717948717948,1.5384615384615385,0.5179487179487179,0.6307692307692309,0.2615384615384615,357,89,343,350,284,339,422
Dewayne Dedmon,22100644.870967742,0.6129032258064516,0.41397849462365593,0.25806451612903225,0.8709677419354839,0.5,0.5564516129032258,0.25806451612903225,399,48,441,430,305,376,423
Terry Taylor,22101004.61904762,0.5714285714285714,0.32142857142857145,0.38095238095238093,0.9523809523809523,0.4166666666666667,0.49404761904761907,0.25396825396825395,409,262,423,422,370,405,424
Matt Ryan,22101223.0,1.0,0.2,4.0,5.0,0.2,0.6000000000000001,0.25,261,466,29,73,485,355,425
James Ennis III,22100548.5,0.75,0.375,0.25,1.0,0.625,0.6875,0.25,352,120,442,420,215,301,426
Jordan Schakel,22100849.5,0.5,0.16666666666666666,1.0,1.5,0.16666666666666666,0.33333333333333337,0.25,427,489,307,355,493,458,427
Rob Edwards,22100536.0,0.5,0.16666666666666666,1.0,1.5,0.16666666666666666,0.33333333333333337,0.25,426,488,306,354,494,459,428
Thanasis Antetokounmpo,22100437.25,0.25,0.125,0.25,0.5,0.125,0.1875,0.25,492,498,443,477,500,499,429
Yves Pons,22100989.25,0.75,0.3333333333333333,1.0,1.75,0.41666666666666663,0.5833333333333334,0.25,356,229,297,316,372,364,430
Xavier Tillman Sr.,22100535.4375,0.3125,0.203125,0.1875,0.5,0.22395833333333334,0.2682291666666667,0.234375,482,462,455,476,477,481,431
Brad Wanamaker,22100244.272727273,0.36363636363636365,0.2121212121212121,0.36363636363636365,0.7272727272727273,0.2121212121212121,0.2878787878787879,0.22727272727272727,468,455,425,442,481,475,432
Josh Okogie,22100550.89285714,0.5,0.25833333333333336,0.5,1.0,0.3083333333333333,0.4041666666666667,0.2261904761904762,431,401,405,418,439,438,433
Thomas Bryant,22100839.173913043,0.5217391304347826,0.3253623188405797,0.4782608695652174,1.0,0.3427536231884058,0.43224637681159417,0.22463768115942026,418,251,409,415,421,425,434
Jarrett Culver,22100653.615384616,0.46153846153846156,0.2141025641025641,0.46153846153846156,0.9230769230769231,0.28076923076923077,0.37115384615384617,0.22435897435897434,446,454,415,424,454,450,435
Theo Pinson,22100712.916666668,0.8333333333333334,0.24652777777777776,0.8333333333333334,1.6666666666666667,0.5590277777777778,0.6961805555555557,0.21944444444444444,319,426,334,332,260,294,436
Dwight Powell,22100466.85714286,0.4642857142857143,0.38095238095238093,0.10714285714285714,0.5714285714285714,0.40476190476190477,0.4345238095238095,0.21428571428571427,445,104,474,458,385,424,437
Santi Aldama,22100492.56521739,0.2608695652173913,0.09710144927536232,0.34782608695652173,0.6086956521739131,0.1144927536231884,0.18768115942028984,0.21014492753623187,491,505,429,454,504,498,438
David Nwaba,22100534.967741936,0.4838709677419355,0.2903225806451613,0.16129032258064516,0.6451612903225806,0.4086021505376344,0.44623655913978494,0.20967741935483872,440,345,463,452,377,421,439
David Duke Jr.,22100558.285714287,0.6428571428571429,0.2619047619047619,0.9285714285714286,1.5714285714285714,0.40476190476190477,0.5238095238095238,0.20476190476190476,391,395,312,345,384,395,440
Markelle Fultz,22101088.7,0.4,0.3,0.2,0.6,0.3,0.35,0.2,458,319,452,456,443,456,441
Miye Oni,22100353.8,0.2,0.1,0.2,0.4,0.1,0.15,0.2,502,504,451,488,507,504,442
Jusuf Nurkic,22100447.828571428,0.42857142857142855,0.29047619047619044,0.11428571428571428,0.5428571428571428,0.3666666666666667,0.3976190476190476,0.2,452,344,470,462,412,446,443
Cassius Winston,22100733.6,0.4,0.3,0.2,0.6,0.3,0.35,0.2,455,316,450,455,444,457,444
Kevin Pangos,22100414.2,0.6,0.3,0.8,1.4,0.3333333333333333,0.4666666666666667,0.2,403,320,342,368,425,415,445
Wenyen Gabriel,22100941.4,0.5333333333333333,0.3,0.2,0.7333333333333333,0.43333333333333335,0.48333333333333334,0.2,416,317,453,441,359,408,446
Tomas Satoransky,22100650.0,0.3225806451612903,0.1881720430107527,0.22580645161290322,0.5483870967741935,0.22043010752688172,0.271505376344086,0.1774193548387097,481,476,447,461,479,479,447
Tremont Waters,22100502.0,0.5,0.125,1.5,2.0,0.125,0.3125,0.16666666666666666,424,501,219,279,502,466,448
Gabe York,22101215.0,0.5,0.125,1.5,2.0,0.125,0.3125,0.16666666666666666,437,499,218,282,503,465,449
Jeff Dowtin,22100914.333333332,0.16666666666666666,0.08333333333333333,0.16666666666666666,0.3333333333333333,0.08333333333333333,0.125,0.16666666666666666,503,506,461,491,508,509,450
Devon Dotson,22100421.5,0.3333333333333333,0.25,0.16666666666666666,0.5,0.25,0.2916666666666667,0.16666666666666666,475,420,460,475,468,473,451
Day'Ron Sharpe,22100459.5,0.3333333333333333,0.25,0.16666666666666666,0.5,0.25,0.2916666666666667,0.16666666666666666,474,419,462,474,469,472,452
JT Thor,22100665.1875,0.4375,0.19791666666666666,0.4375,0.875,0.28125,0.359375,0.15625,449,470,419,429,453,452,453
Reggie Perry,22101040.444444444,0.3333333333333333,0.19444444444444445,0.4444444444444444,0.7777777777777778,0.19444444444444445,0.2638888888888889,0.14814814814814814,471,472,418,435,487,482,454
Trent Forrest,22100753.05882353,0.29411764705882354,0.19607843137254902,0.23529411764705882,0.5294117647058824,0.19607843137254902,0.2450980392156863,0.14705882352941177,484,471,446,465,486,493,455
Abdel Nader,22100118.42857143,0.5714285714285714,0.35714285714285715,0.14285714285714285,0.7142857142857143,0.5,0.5357142857142857,0.14285714285714285,411,167,468,444,306,384,456
Vlatko Cancar,22100425.57142857,1.0,0.6666666666666667,0.5714285714285714,1.5714285714285714,0.8095238095238095,0.9047619047619049,0.14285714285714285,253,3,384,346,133,210,457
Usman Garuba,22100603.714285713,0.35714285714285715,0.2857142857142857,0.14285714285714285,0.5,0.2857142857142857,0.32142857142857145,0.14285714285714285,469,356,466,473,450,463,458
JaVale McGee,22100787.85714286,0.2857142857142857,0.21428571428571427,0.14285714285714285,0.42857142857142855,0.21428571428571427,0.25,0.14285714285714285,485,453,467,482,480,489,459
Xavier Moon,22100771.333333332,0.8333333333333334,0.4305555555555556,0.8333333333333334,1.6666666666666667,0.5972222222222222,0.7152777777777778,0.13888888888888887,320,37,333,331,232,284,460
Paul Millsap,22100398.285714287,0.38095238095238093,0.17857142857142858,0.47619047619047616,0.8571428571428571,0.2261904761904762,0.30357142857142855,0.1349206349206349,466,482,410,432,475,469,461
Zavier Simpson,22101203.0,0.25,0.08333333333333333,0.5,0.75,0.08333333333333333,0.16666666666666669,0.125,493,508,404,438,509,501,462
Dennis Smith Jr.,22100367.0625,0.375,0.26041666666666663,0.3125,0.6875,0.26041666666666663,0.31770833333333337,0.125,467,399,434,446,462,464,463
Alex Len,22100398.588235293,0.35294117647058826,0.23529411764705882,0.11764705882352941,0.47058823529411764,0.29411764705882354,0.3235294117647059,0.11764705882352941,470,436,469,478,447,462,464
Willy Hernangomez,22100717.555555556,0.4444444444444444,0.3888888888888889,0.1111111111111111,0.5555555555555556,0.3888888888888889,0.4166666666666667,0.1111111111111111,447,87,472,460,401,430,465
Deividas Sirvydis,22100507.0,0.5,0.08333333333333333,2.5,3.0,0.08333333333333333,0.2916666666666667,0.1,433,507,123,185,510,471,466
Deandre Ayton,22100742.5,0.4375,0.3645833333333333,0.1875,0.625,0.3645833333333333,0.4010416666666667,0.09375,450,145,456,453,414,440,467
Jake Layman,22100634.85,0.4,0.30166666666666664,0.35,0.75,0.30166666666666664,0.35083333333333333,0.0875,454,312,427,439,442,455,468
Elfrid Payton,22100704.230769232,0.3076923076923077,0.19230769230769232,0.07692307692307693,0.38461538461538464,0.2692307692307692,0.28846153846153844,0.07692307692307693,483,473,475,490,461,474,469
Langston Galloway,22100521.57142857,0.2857142857142857,0.19047619047619047,0.2857142857142857,0.5714285714285714,0.19047619047619047,0.2380952380952381,0.07142857142857142,486,475,435,459,488,494,470
Malik Fitts,22101001.285714287,0.5714285714285714,0.47619047619047616,0.2857142857142857,0.8571428571428571,0.47619047619047616,0.5238095238095238,0.07142857142857142,410,22,437,433,324,394,471
Marquese Chriss,22100740.82352941,0.47058823529411764,0.3235294117647059,0.058823529411764705,0.5294117647058824,0.4411764705882353,0.45588235294117646,0.058823529411764705,442,258,477,464,350,417,472
Nathan Knight,22100729.444444444,0.4444444444444444,0.2592592592592593,0.2222222222222222,0.6666666666666666,0.3703703703703704,0.40740740740740744,0.05555555555555555,448,400,448,449,408,435,473
Dwight Howard,22100696.09090909,0.7272727272727273,0.5757575757575757,0.18181818181818182,0.9090909090909091,0.6666666666666666,0.696969696969697,0.045454545454545456,362,5,458,425,191,291,474
Melvin Frazier,22101209.0,0.3333333333333333,0.037037037037037035,2.6666666666666665,3.0,0.037037037037037035,0.1851851851851852,0.041666666666666664,479,511,104,186,511,500,475
Damian Jones,22100836.28,0.4,0.34,0.04,0.44,0.38,0.39,0.04,457,210,478,481,406,447,476
Isaiah Jackson,22100910.153846152,0.38461538461538464,0.3333333333333333,0.15384615384615385,0.5384615384615384,0.3333333333333333,0.358974358974359,0.038461538461538464,465,233,465,463,424,453,477
Brandon Clarke,22100499.111111112,0.2777777777777778,0.18518518518518517,0.1111111111111111,0.3888888888888889,0.24074074074074073,0.2592592592592593,0.027777777777777776,488,478,471,489,472,483,478
Anthony Lamb,22100596.0,0.0,0.0,0.0,0.0,0.0,0.0,0.0,517,541,491,523,546,523,479
Trevon Scott,22100494.0,0.0,0.0,0.0,0.0,0.0,0.0,0.0,552,529,487,519,543,520,480
Paris Bass,22100565.0,0.0,0.0,0.0,0.0,0.0,0.0,0.0,523,547,500,553,529,533,481
George King,22100493.0,0.0,0.0,0.0,0.0,0.0,0.0,0.0,550,527,489,525,548,521,482
Jaylen Morris,22100572.5,0.0,0.0,0.0,0.0,0.0,0.0,0.0,545,522,482,532,535,532,483
David Johnson,22100351.0,0.0,0.0,0.0,0.0,0.0,0.0,0.0,553,530,492,522,545,522,484
Malik Newman,22100527.0,0.0,0.0,0.0,0.0,0.0,0.0,0.0,534,525,483,531,554,531,485
Jay Huff,22100303.5,0.0,0.0,0.0,0.0,0.0,0.0,0.0,546,523,490,524,547,524,486
Freddie Gillespie,22100593.0,0.0,0.0,0.0,0.0,0.0,0.0,0.0,551,528,484,530,553,530,487
Marcus Garrett,22100501.0,0.0,0.0,0.0,0.0,0.0,0.0,0.0,531,554,481,533,534,525,488
Shaq Buchanan,22100508.0,0.0,0.0,0.0,0.0,0.0,0.0,0.0,547,524,488,526,549,526,489
Joel Ayayi,22100527.0,0.0,0.0,0.0,0.0,0.0,0.0,0.0,543,520,486,527,550,527,490
M.J. Walker,22100549.0,0.0,0.0,0.0,0.0,0.0,0.0,0.0,535,532,515,528,551,528,491
Shaquille Harrison,22100442.0,0.0,0.0,0.0,0.0,0.0,0.0,0.0,548,521,485,529,552,529,492
Gabriel Deck,22100238.5,0.5,0.5,0.0,0.5,0.5,0.5,0.0,429,11,533,470,304,397,493
Moses Wright,22101134.0,0.0,0.0,0.0,0.0,0.0,0.0,0.0,527,551,493,521,533,534,494
Cody Zeller,22100107.666666668,0.0,0.0,0.0,0.0,0.0,0.0,0.0,520,544,496,537,521,545,495
Jaysean Paige,22100540.0,0.0,0.0,0.0,0.0,0.0,0.0,0.0,544,519,480,534,531,554,496
Khem Birch,22100597.916666668,0.0,0.0,0.0,0.0,0.0,0.0,0.0,538,517,499,554,530,553,497
Daniel Oturu,22100494.0,0.0,0.0,0.0,0.0,0.0,0.0,0.0,525,549,502,552,528,552,498
Nerlens Noel,22100260.5,0.0,0.0,0.0,0.0,0.0,0.0,0.0,526,550,503,551,527,551,499
Charles Bassey,22100265.0,0.0,0.0,0.0,0.0,0.0,0.0,0.0,516,540,504,550,526,550,500
Micah Potter,22100540.0,0.0,0.0,0.0,0.0,0.0,0.0,0.0,528,552,506,548,525,549,501
RJ Nembhard Jr.,22100729.5,0.0,0.0,0.0,0.0,0.0,0.0,0.0,529,553,507,547,524,548,502
Arnoldas Kulboka,22101217.0,0.0,0.0,0.0,0.0,0.0,0.0,0.0,515,539,508,546,523,547,503
Darren Collison,22100501.0,0.0,0.0,0.0,0.0,0.0,0.0,0.0,554,531,505,549,522,546,504
D.J. Wilson,22100502.0,0.0,0.0,0.0,0.0,0.0,0.0,0.0,513,537,510,544,520,544,505
JaQuori McLaughlin,22100455.0,0.0,0.0,0.0,0.0,0.0,0.0,0.0,549,526,479,535,532,535,506
Scotty Hopson,22100522.0,0.0,0.0,0.0,0.0,0.0,0.0,0.0,541,514,540,513,537,518,507
Craig Sword,22100509.0,0.0,0.0,0.0,0.0,0.0,0.0,0.0,512,536,511,543,519,543,508
Mamadi Diakite,22100779.0,0.0,0.0,0.0,0.0,0.0,0.0,0.0,532,535,512,542,518,542,509
Robert Williams III,22100745.0,0.0,0.0,0.0,0.0,0.0,0.0,0.0,533,534,513,541,517,541,510
Matt Mooney,22100488.0,0.0,0.0,0.0,0.0,0.0,0.0,0.0,530,533,514,540,516,540,511
Bam Adebayo,22100931.666666668,0.0,0.0,0.0,0.0,0.0,0.0,0.0,522,546,498,539,515,539,512
Alize Johnson,22100476.333333332,0.0,0.0,0.0,0.0,0.0,0.0,0.0,521,545,497,538,514,538,513
DaQuan Jeffries,22100554.0,0.0,0.0,0.0,0.0,0.0,0.0,0.0,514,538,509,545,513,537,514
Carlik Jones,22100506.0,0.0,0.0,0.0,0.0,0.0,0.0,0.0,518,542,495,536,512,536,515
Damyean Dotson,22100480.0,0.0,0.0,0.0,0.0,0.0,0.0,0.0,519,543,494,520,544,519,516
Paul Reed,22100577.57142857,0.2857142857142857,0.2857142857142857,0.0,0.2857142857142857,0.2857142857142857,0.2857142857142857,0.0,487,355,522,494,449,476,517
Jordan Goodwin,22100527.0,0.0,0.0,0.0,0.0,0.0,0.0,0.0,542,513,541,514,538,517,518
Dakota Mathias,22100604.2,0.4,0.2,0.0,0.4,0.4,0.4,0.0,456,467,551,487,392,443,519
Sharife Cooper,22100423.5,0.25,0.25,0.0,0.25,0.25,0.25,0.0,497,413,536,500,466,484,520
Montrezl Harrell,22100450.545454547,0.2727272727272727,0.2727272727272727,0.0,0.2727272727272727,0.2727272727272727,0.2727272727272727,0.0,489,381,521,495,460,478,521
Bruno Fernando,22100825.0,0.5,0.5,0.0,0.5,0.5,0.5,0.0,432,9,534,472,301,398,522
Bol Bol,22100279.0,0.3333333333333333,0.3333333333333333,0.0,0.3333333333333333,0.3333333333333333,0.3333333333333333,0.0,477,231,524,492,427,461,523
Brodric Thomas,22100791.666666668,0.3333333333333333,0.3333333333333333,0.0,0.3333333333333333,0.3333333333333333,0.3333333333333333,0.0,473,234,523,493,428,460,524
Richaun Holmes,22100244.0,0.4,0.4,0.0,0.4,0.4,0.4,0.0,461,64,526,484,389,445,525
Enes Freedom,22100416.8,0.4,0.4,0.0,0.4,0.4,0.4,0.0,453,63,519,486,390,444,526
Robin Lopez,22100542.4,0.4,0.4,0.0,0.4,0.4,0.4,0.0,459,65,525,485,391,442,527
Aaron Henry,22100009.0,0.0,0.0,0.0,0.0,0.0,0.0,0.0,540,515,528,512,536,516,528
Rayjon Tucker,22100778.666666668,1.3333333333333333,0.6666666666666666,0.0,1.3333333333333333,1.3333333333333333,1.3333333333333333,0.0,177,4,535,379,22,104,529
Tristan Thompson,22100475.0,1.0,1.0,0.0,1.0,1.0,1.0,0.0,265,1,517,417,79,180,530
McKinley Wright IV,22100330.0,0.5,0.5,0.0,0.5,0.5,0.5,0.0,436,15,530,467,303,403,531
Sekou Doumbouya,22100161.0,0.5,0.5,0.0,0.5,0.5,0.5,0.0,422,12,532,468,307,402,532
Kai Jones,22100573.0,0.5,0.5,0.0,0.5,0.5,0.5,0.0,430,13,531,466,302,401,533
Wayne Selden,22100455.5,0.5,0.5,0.0,0.5,0.5,0.5,0.0,423,17,527,471,300,400,534
Willie Cauley-Stein,22100153.0,0.5,0.5,0.0,0.5,0.5,0.5,0.0,425,16,529,469,308,399,535
Mason Jones,22100846.75,0.25,0.25,0.0,0.25,0.25,0.25,0.0,496,414,537,499,465,487,536
Boban Marjanovic,22100571.0,0.25,0.25,0.0,0.25,0.25,0.25,0.0,499,418,539,497,467,488,537
Udonis Haslem,22100730.25,0.25,0.25,0.0,0.25,0.25,0.25,0.0,495,416,538,498,464,490,538
Robert Woodard II,22100700.0,0.25,0.25,0.0,0.25,0.25,0.25,0.0,498,411,520,496,471,491,539
Luke Kornet,22100970.4,0.0,0.0,0.0,0.0,0.0,0.0,0.0,536,516,518,516,540,515,540
Daniel Gafford,22101132.0,0.0,0.0,0.0,0.0,0.0,0.0,0.0,524,548,501,517,541,514,541
Rudy Gobert,22100936.5,0.0,0.0,0.0,0.0,0.0,0.0,0.0,537,518,516,518,542,513,542
Kevon Looney,22100346.0,0.0,0.0,0.0,0.0,0.0,0.0,0.0,539,512,542,515,539,512,543
Omer Yurtseven,22100596.222222224,0.1111111111111111,0.1111111111111111,0.0,0.1111111111111111,0.1111111111111111,0.1111111111111111,0.0,510,502,544,510,506,511,544
Jarrett Allen,22100363.888888888,0.1111111111111111,0.1111111111111111,0.0,0.1111111111111111,0.1111111111111111,0.1111111111111111,0.0,511,503,543,511,505,510,545
Kris Dunn,22101101.375,0.125,0.125,0.0,0.125,0.125,0.125,0.0,509,500,545,509,501,508,546
Petr Cornelie,22100360.714285713,0.14285714285714285,0.14285714285714285,0.0,0.14285714285714285,0.14285714285714285,0.14285714285714285,0.0,506,494,548,506,499,507,547
Derrick Favors,22100432.14285714,0.14285714285714285,0.14285714285714285,0.0,0.14285714285714285,0.14285714285714285,0.14285714285714285,0.0,507,496,546,508,497,506,548
Charlie Brown Jr.,22100608.714285713,0.14285714285714285,0.14285714285714285,0.0,0.14285714285714285,0.14285714285714285,0.14285714285714285,0.0,508,495,547,507,498,505,549
Jarred Vanderbilt,22100492.46153846,0.15384615384615385,0.15384615384615385,0.0,0.15384615384615385,0.15384615384615385,0.15384615384615385,0.0,505,492,549,505,496,503,550
Xavier Sneed,22100924.333333332,0.16666666666666666,0.16666666666666666,0.0,0.16666666666666666,0.16666666666666666,0.16666666666666666,0.0,504,486,550,504,492,502,551
Myles Powell,22100618.6,0.2,0.2,0.0,0.2,0.2,0.2,0.0,500,464,553,502,484,497,552
Quinndary Weatherspoon,22100905.0,0.2,0.2,0.0,0.2,0.2,0.2,0.0,501,465,552,503,483,496,553
Isaac Bonga,22100380.0,0.25,0.25,0.0,0.25,0.25,0.25,0.0,494,421,554,501,470,492,554
Zylan Cheatham,22100624.0,0.0,0.0,0.0,0.0,0.0,0.0,0.0,555,555,555,555,555,555,555
